state,constituency,constituency_id,state_key,constituency_key,has_election_data,has_nfhs5_any,nfhs5_coverage_share,has_change_any,change_quality_flag,missing_features_count,available_features_count,districts_used,districts_missing
Andaman & Nicobar Islands,Andaman & Nicobar Islands,ANDAMAN_&_NICOBAR_ISLANDS__ANDAMAN_&_NICOBAR_ISLANDS,ANDAMAN & NICOBAR ISLANDS,ANDAMAN NICOBAR ISLANDS,True,False,,False,,22,0,,
Andhra Pradesh,Amalapuram,ANDHRA_PRADESH__AMALAPURAM,ANDHRA PRADESH,AMALAPURAM,True,False,,False,,22,0,,
Andhra Pradesh,Anakapalle,ANDHRA_PRADESH__ANAKAPALLE,ANDHRA PRADESH,ANAKAPALLE,True,False,,False,,22,0,,
Andhra Pradesh,Ananthapur,ANDHRA_PRADESH__ANANTHAPUR,ANDHRA PRADESH,ANANTHAPUR,True,False,,False,,22,0,,
Andhra Pradesh,Araku,ANDHRA_PRADESH__ARAKU,ANDHRA PRADESH,ARAKU,True,False,,False,,22,0,,
Andhra Pradesh,Bapatla,ANDHRA_PRADESH__BAPATLA,ANDHRA PRADESH,BAPATLA,True,False,,False,,22,0,,
Andhra Pradesh,Chittoor,ANDHRA_PRADESH__CHITTOOR,ANDHRA PRADESH,CHITTOOR,True,False,,False,,22,0,,
Andhra Pradesh,Eluru,ANDHRA_PRADESH__ELURU,ANDHRA PRADESH,ELURU,True,False,,False,,22,0,,
Andhra Pradesh,Guntur,ANDHRA_PRADESH__GUNTUR,ANDHRA PRADESH,GUNTUR,True,False,,False,,22,0,,
Andhra Pradesh,Hindupur,ANDHRA_PRADESH__HINDUPUR,ANDHRA PRADESH,HINDUPUR,True,False,,False,,22,0,,
Andhra Pradesh,Kadapa,ANDHRA_PRADESH__KADAPA,ANDHRA PRADESH,KADAPA,True,False,,False,,22,0,,
Andhra Pradesh,Kakinada,ANDHRA_PRADESH__KAKINADA,ANDHRA PRADESH,KAKINADA,True,False,,False,,22,0,,
Andhra Pradesh,Kurnoolu,ANDHRA_PRADESH__KURNOOLU,ANDHRA PRADESH,KURNOOLU,True,False,,False,,22,0,,
Andhra Pradesh,Machilipatnam,ANDHRA_PRADESH__MACHILIPATNAM,ANDHRA PRADESH,MACHILIPATNAM,True,False,,False,,22,0,,
Andhra Pradesh,Nandyal,ANDHRA_PRADESH__NANDYAL,ANDHRA PRADESH,NANDYAL,True,False,,False,,22,0,,
Andhra Pradesh,Narsapuram,ANDHRA_PRADESH__NARSAPURAM,ANDHRA PRADESH,NARSAPURAM,True,False,,False,,22,0,,
Andhra Pradesh,Narsaraopet,ANDHRA_PRADESH__NARSARAOPET,ANDHRA PRADESH,NARSARAOPET,True,False,,False,,22,0,,
Andhra Pradesh,Nellore,ANDHRA_PRADESH__NELLORE,ANDHRA PRADESH,NELLORE,True,True,1.0,True,medium,10,12,MAHBUBNAGARâ†’Mahbubnagar (NFHS-4 proxy); RANGAREDDIâ†’Ranga Reddy,
Andhra Pradesh,Ongole,ANDHRA_PRADESH__ONGOLE,ANDHRA PRADESH,ONGOLE,True,False,,False,,22,0,,
Andhra Pradesh,Rajahmundry,ANDHRA_PRADESH__RAJAHMUNDRY,ANDHRA PRADESH,RAJAHMUNDRY,True,False,,False,,22,0,,
Andhra Pradesh,Rajampet,ANDHRA_PRADESH__RAJAMPET,ANDHRA PRADESH,RAJAMPET,True,False,,False,,22,0,,
Andhra Pradesh,Srikakulam,ANDHRA_PRADESH__SRIKAKULAM,ANDHRA PRADESH,SRIKAKULAM,True,False,,False,,22,0,,
Andhra Pradesh,Thirupathi,ANDHRA_PRADESH__THIRUPATHI,ANDHRA PRADESH,THIRUPATHI,True,False,,False,,22,0,,
Andhra Pradesh,Vijayawada,ANDHRA_PRADESH__VIJAYAWADA,ANDHRA PRADESH,VIJAYAWADA,True,False,,False,,22,0,,
Andhra Pradesh,Visakhapatnam,ANDHRA_PRADESH__VISAKHAPATNAM,ANDHRA PRADESH,VISAKHAPATNAM,True,False,,False,,22,0,,
Andhra Pradesh,Vizianagaram,ANDHRA_PRADESH__VIZIANAGARAM,ANDHRA PRADESH,VIZIANAGARAM,True,False,,False,,22,0,,
Arunachal Pradesh,Arunachal East,ARUNACHAL_PRADESH__ARUNACHAL_EAST,ARUNACHAL PRADESH,ARUNACHAL EAST,True,False,,False,,22,0,,
Arunachal Pradesh,Arunachal West,ARUNACHAL_PRADESH__ARUNACHAL_WEST,ARUNACHAL PRADESH,ARUNACHAL WEST,True,True,0.6896,True,low,10,12,WEST SIANGâ†’West Siang; UPPER SUBANSIRIâ†’Upper Subansiri; TIRAPâ†’Tirap; TAWANGâ†’Tawang,CHANGLANG; LOWER SUBANSIRI; EAST SIANG; DIBANG VALLEY
Assam,Barpeta,ASSAM__BARPETA,ASSAM,BARPETA,True,False,0.0,False,medium,22,0,,DIBRUGARH
Assam,Darrang-Udalguri,ASSAM__DARRANG-UDALGURI,ASSAM,DARRANG UDALGURI,True,False,,False,,22,0,,
Assam,Dhubri,ASSAM__DHUBRI,ASSAM,DHUBRI,True,False,0.0,False,medium,22,0,,DIBRUGARH
Assam,Dibrugarh,ASSAM__DIBRUGARH,ASSAM,DIBRUGARH,True,False,0.0,False,medium,22,0,,DIBRUGARH
Assam,Diphu,ASSAM__DIPHU,ASSAM,DIPHU,True,False,,False,,22,0,,
Assam,Guwahati,ASSAM__GUWAHATI,ASSAM,GUWAHATI,True,False,,False,,22,0,,
Assam,Jorhat,ASSAM__JORHAT,ASSAM,JORHAT,True,False,0.0,False,medium,22,0,,DIBRUGARH
Assam,Karimganj,ASSAM__KARIMGANJ,ASSAM,KARIMGANJ,True,False,0.0,False,medium,22,0,,DIBRUGARH
Assam,Kaziranga,ASSAM__KAZIRANGA,ASSAM,KAZIRANGA,True,False,,False,,22,0,,
Assam,Kokrajhar,ASSAM__KOKRAJHAR,ASSAM,KOKRAJHAR,True,False,0.0,False,medium,22,0,,DIBRUGARH
Assam,Lakhimpur,ASSAM__LAKHIMPUR,ASSAM,LAKHIMPUR,True,False,0.0,False,medium,22,0,,DIBRUGARH
Assam,Nagaon,ASSAM__NAGAON,ASSAM,NAGAON,True,False,,False,,22,0,,
Assam,Silchar,ASSAM__SILCHAR,ASSAM,SILCHAR,True,False,0.0,False,medium,22,0,,DIBRUGARH
Assam,Sonitpur,ASSAM__SONITPUR,ASSAM,SONITPUR,True,False,,False,,22,0,,
Bihar,Araria,BIHAR__ARARIA,BIHAR,ARARIA,True,True,1.0,True,low,10,12,ARARIAâ†’Araria,
Bihar,Arrah,BIHAR__ARRAH,BIHAR,ARRAH,True,False,0.0,False,medium,22,0,,BHOJPUR
Bihar,Aurangabad,BIHAR__AURANGABAD,BIHAR,AURANGABAD,True,False,0.0,False,medium,22,0,,AURANGABAD; GAYA
Bihar,Banka,BIHAR__BANKA,BIHAR,BANKA,True,True,0.1667,True,low,10,12,BHAGALPURâ†’Bhagalpur,BANKA
Bihar,Begusarai,BIHAR__BEGUSARAI,BIHAR,BEGUSARAI,True,False,0.0,False,medium,22,0,,BEGUSARAI
Bihar,Bhagalpur,BIHAR__BHAGALPUR,BIHAR,BHAGALPUR,True,True,1.0,True,low,10,12,BHAGALPURâ†’Bhagalpur,
Bihar,Buxar,BIHAR__BUXAR,BIHAR,BUXAR,True,False,0.0,False,medium,22,0,,BUXAR; KAIMUR (BHABUA); ROHTAS
Bihar,Darbhanga,BIHAR__DARBHANGA,BIHAR,DARBHANGA,True,False,0.0,False,medium,22,0,,DARBHANGA
Bihar,Gaya,BIHAR__GAYA,BIHAR,GAYA,True,False,0.0,False,medium,22,0,,GAYA
Bihar,Gopalganj,BIHAR__GOPALGANJ,BIHAR,GOPALGANJ,True,False,,False,,22,0,,
Bihar,Hajipur,BIHAR__HAJIPUR,BIHAR,HAJIPUR,True,False,0.0,False,medium,22,0,,VAISHALI
Bihar,Jahanabad,BIHAR__JAHANABAD,BIHAR,JAHANABAD,True,False,0.0,False,medium,22,0,,JAHANABAD; ARWAL; GAYA
Bihar,Jamui,BIHAR__JAMUI,BIHAR,JAMUI,True,False,0.0,False,medium,22,0,,NAWADA; MUNGER
Bihar,Jhanjharpur,BIHAR__JHANJHARPUR,BIHAR,JHANJHARPUR,True,True,1.0,True,low,10,12,MADHUBANIâ†’Madhubani,
Bihar,Karakat,BIHAR__KARAKAT,BIHAR,KARAKAT,True,False,0.0,False,medium,22,0,,AURANGABAD; ROHTAS
Bihar,Katihar,BIHAR__KATIHAR,BIHAR,KATIHAR,True,True,1.0,True,low,10,12,KATIHARâ†’Katihar,
Bihar,Khagaria,BIHAR__KHAGARIA,BIHAR,KHAGARIA,True,True,0.1667,True,low,10,12,SAHARSAâ†’Saharsa,KHAGARIA; SAMASTIPUR
Bihar,Kishanganj,BIHAR__KISHANGANJ,BIHAR,KISHANGANJ,True,True,1.0,True,low,10,12,KISHANGANJâ†’Kishanganj; PURNIAâ†’Purnia,
Bihar,Madhepura,BIHAR__MADHEPURA,BIHAR,MADHEPURA,True,True,1.0,True,low,10,12,MADHEPURAâ†’Madhepura; SAHARSAâ†’Saharsa,
Bihar,Madhubani,BIHAR__MADHUBANI,BIHAR,MADHUBANI,True,True,0.6667,True,low,10,12,MADHUBANIâ†’Madhubani,DARBHANGA
Bihar,Maharajganj,BIHAR__MAHARAJGANJ,BIHAR,MAHARAJGANJ,True,True,0.3333,True,low,10,12,SIWANâ†’Siwan,SARAN
Bihar,Munger,BIHAR__MUNGER,BIHAR,MUNGER,True,False,0.0,False,medium,22,0,,MUNGER; PATNA
Bihar,Muzaffarpur,BIHAR__MUZAFFARPUR,BIHAR,MUZAFFARPUR,True,False,0.0,False,medium,22,0,,MUZAFFARPUR
Bihar,Nalanda,BIHAR__NALANDA,BIHAR,NALANDA,True,False,0.0,False,medium,22,0,,NALANDA
Bihar,Nawada,BIHAR__NAWADA,BIHAR,NAWADA,True,False,0.0,False,medium,22,0,,NAWADA; SHEIKHPURA
Bihar,Paschim Champaran,BIHAR__PASCHIM_CHAMPARAN,BIHAR,PASCHIM CHAMPARAN,True,True,1.0,True,low,10,12,PASCHIM CHAMPARANâ†’Pashchim Champaran; PURVI CHAMPARANâ†’Purba Champaran,
Bihar,Patliputra,BIHAR__PATLIPUTRA,BIHAR,PATLIPUTRA,True,False,,False,,22,0,,
Bihar,Patna Sahib,BIHAR__PATNA_SAHIB,BIHAR,PATNA SAHIB,True,False,0.0,False,medium,22,0,,PATNA
Bihar,Purnia,BIHAR__PURNIA,BIHAR,PURNIA,True,True,1.0,True,low,10,12,PURNIAâ†’Purnia,
Bihar,Purvi Champaran,BIHAR__PURVI_CHAMPARAN,BIHAR,PURVI CHAMPARAN,True,True,1.0,True,low,10,12,PURVI CHAMPARANâ†’Purba Champaran,
Bihar,Samastipur,BIHAR__SAMASTIPUR,BIHAR,SAMASTIPUR,True,False,,False,,22,0,,
Bihar,Saran,BIHAR__SARAN,BIHAR,SARAN,True,False,0.0,False,medium,22,0,,SARAN
Bihar,Sasaram,BIHAR__SASARAM,BIHAR,SASARAM,True,False,0.0,False,medium,22,0,,KAIMUR (BHABUA); ROHTAS
Bihar,Sheohar,BIHAR__SHEOHAR,BIHAR,SHEOHAR,True,True,1.0,True,low,10,12,PURVI CHAMPARANâ†’Purba Champaran; SITAMARHIâ†’Sitamarhi; SHEOHARâ†’Sheohar,
Bihar,Sitamarhi,BIHAR__SITAMARHI,BIHAR,SITAMARHI,True,True,0.8333,True,low,10,12,SITAMARHIâ†’Sitamarhi,MUNGER
Bihar,Siwan,BIHAR__SIWAN,BIHAR,SIWAN,True,True,1.0,True,low,10,12,SIWANâ†’Siwan,
Bihar,Supaul,BIHAR__SUPAUL,BIHAR,SUPAUL,True,True,1.0,True,low,10,12,SUPAULâ†’Supaul,
Bihar,Ujiarpur,BIHAR__UJIARPUR,BIHAR,UJIARPUR,True,True,0.0833,True,low,10,12,SITAMARHIâ†’Sitamarhi,SAMASTIPUR; DARBHANGA; VAISHALI
Bihar,Vaishali,BIHAR__VAISHALI,BIHAR,VAISHALI,True,False,0.0,False,medium,22,0,,MUZAFFARPUR; VAISHALI
Bihar,Valmiki Nagar,BIHAR__VALMIKI_NAGAR,BIHAR,VALMIKI NAGAR,True,True,1.0,True,low,10,12,PASCHIM CHAMPARANâ†’Pashchim Champaran,
Chandigarh,Chandigarh,CHANDIGARH__CHANDIGARH,CHANDIGARH,CHANDIGARH,True,False,,False,,22,0,,
Chhattisgarh,BASTAR,CHHATTISGARH__BASTAR,CHHATTISGARH,BASTAR,True,True,1.0,False,low,15,7,BASTARâ†’Bastar; DAKSHIN BASTAR (DANTEWADA)â†’Dakshin Bastar Dantewada,
Chhattisgarh,BILASPUR,CHHATTISGARH__BILASPUR,CHHATTISGARH,BILASPUR,True,True,1.0,False,low,15,7,BILASPURâ†’Bilaspur; MAHASAMUNDâ†’Mahasamund; DURGâ†’Durg; JANJGIR-CHAMPAâ†’Janjgir - Champa; RAIPURâ†’Raipur; RAJNANDGAONâ†’Rajnandgaon,
Chhattisgarh,DURG,CHHATTISGARH__DURG,CHHATTISGARH,DURG,True,True,1.0,False,low,15,7,DURGâ†’Durg,
Chhattisgarh,JANJGIR-CHAMPA,CHHATTISGARH__JANJGIR-CHAMPA,CHHATTISGARH,JANJGIR CHAMPA,True,False,,False,,22,0,,
Chhattisgarh,KANKER,CHHATTISGARH__KANKER,CHHATTISGARH,KANKER,True,True,1.0001,False,low,15,7,DURGâ†’Durg; UTTAR BASTAR (KANKER)â†’Uttar Bastar Kanker; BASTARâ†’Bastar; DHAMTARIâ†’Dhamtari,
Chhattisgarh,KORBA,CHHATTISGARH__KORBA,CHHATTISGARH,KORBA,True,True,0.8573,False,low,15,7,KORBAâ†’Korba; JANJGIR-CHAMPAâ†’Janjgir - Champa; MAHASAMUNDâ†’Mahasamund; RAIPURâ†’Raipur; RAJNANDGAONâ†’Rajnandgaon,KORIA
Chhattisgarh,MAHASAMUND,CHHATTISGARH__MAHASAMUND,CHHATTISGARH,MAHASAMUND,True,True,1.0,False,low,15,7,DHAMTARIâ†’Dhamtari; MAHASAMUNDâ†’Mahasamund; RAIPURâ†’Raipur,
Chhattisgarh,RAIGARH,CHHATTISGARH__RAIGARH,CHHATTISGARH,RAIGARH,True,True,1.0,False,low,15,7,JANJGIR-CHAMPAâ†’Janjgir - Champa; RAIGARHâ†’Raigarh; DURGâ†’Durg; RAIPURâ†’Raipur; RAJNANDGAONâ†’Rajnandgaon; MAHASAMUNDâ†’Mahasamund,
Chhattisgarh,RAIPUR,CHHATTISGARH__RAIPUR,CHHATTISGARH,RAIPUR,True,True,1.0,False,low,15,7,RAIPURâ†’Raipur; DHAMTARIâ†’Dhamtari,
Chhattisgarh,RAJNANDGAON,CHHATTISGARH__RAJNANDGAON,CHHATTISGARH,RAJNANDGAON,True,True,0.75,False,low,15,7,RAJNANDGAONâ†’Rajnandgaon; BASTARâ†’Bastar,KABIRDHAM
Chhattisgarh,SURGUJA,CHHATTISGARH__SURGUJA,CHHATTISGARH,SURGUJA,True,True,1.0,False,low,15,7,SURGUJAâ†’Surguja; DURGâ†’Durg; MAHASAMUNDâ†’Mahasamund; RAJNANDGAONâ†’Rajnandgaon,
Dadra & Nagar Haveli and Daman & Diu,Dadar & Nagar Haveli,DADRA_&_NAGAR_HAVELI_AND_DAMAN_&_DIU__DADAR_&_NAGAR_HAVELI,DADRA & NAGAR HAVELI & DAMAN & DIU,DADAR NAGAR HAVELI,True,False,,False,,22,0,,
Dadra & Nagar Haveli and Daman & Diu,Daman & Diu,DADRA_&_NAGAR_HAVELI_AND_DAMAN_&_DIU__DAMAN_&_DIU,DADRA & NAGAR HAVELI & DAMAN & DIU,DAMAN DIU,True,False,,False,,22,0,,
Goa,North Goa,GOA__NORTH_GOA,GOA,NORTH GOA,True,True,1.0,True,low,10,12,NORTH GOAâ†’North Goa,
Goa,South Goa,GOA__SOUTH_GOA,GOA,SOUTH GOA,True,True,1.0,True,low,10,12,SOUTH GOAâ†’South Goa; NORTH GOAâ†’North Goa,
Gujarat,Ahmedabad East,GUJARAT__AHMEDABAD_EAST,GUJARAT,AHMEDABAD EAST,True,True,1.0,True,low,10,12,AHMEDABADâ†’Ahmadabad; GANDHINAGARâ†’Gandhinagar,
Gujarat,Ahmedabad West,GUJARAT__AHMEDABAD_WEST,GUJARAT,AHMEDABAD WEST,True,False,,False,,22,0,,
Gujarat,Amreli,GUJARAT__AMRELI,GUJARAT,AMRELI,True,False,0.0,False,medium,22,0,,AMRELI; BHAVNAGAR; SURAT
Gujarat,Anand,GUJARAT__ANAND,GUJARAT,ANAND,True,False,0.0,False,medium,22,0,,ANAND
Gujarat,Banaskantha,GUJARAT__BANASKANTHA,GUJARAT,BANASKANTHA,True,True,1.0,True,low,10,12,KACHCHHâ†’Kachchh,
Gujarat,Bardoli,GUJARAT__BARDOLI,GUJARAT,BARDOLI,True,False,0.0,False,medium,22,0,,SURAT
Gujarat,Bharuch,GUJARAT__BHARUCH,GUJARAT,BHARUCH,True,False,0.0,False,medium,22,0,,BHARUCH; NARMADA; VADODARA
Gujarat,Bhavnagar,GUJARAT__BHAVNAGAR,GUJARAT,BHAVNAGAR,True,False,0.0,False,medium,22,0,,BHAVNAGAR
Gujarat,Chhota Udaipur,GUJARAT__CHHOTA_UDAIPUR,GUJARAT,CHHOTA UDAIPUR,True,False,,False,,22,0,,
Gujarat,Dahod,GUJARAT__DAHOD,GUJARAT,DAHOD,True,False,0.0,False,medium,22,0,,DAHOD; PANCHMAHALS
Gujarat,Gandhinagar,GUJARAT__GANDHINAGAR,GUJARAT,GANDHINAGAR,True,True,0.6667,True,low,10,12,AHMEDABADâ†’Ahmadabad,PANCHMAHALS
Gujarat,Jamnagar,GUJARAT__JAMNAGAR,GUJARAT,JAMNAGAR,True,False,0.0,False,medium,22,0,,JAMNAGAR
Gujarat,Junagadh,GUJARAT__JUNAGADH,GUJARAT,JUNAGADH,True,False,0.0,False,medium,22,0,,JUNAGADH
Gujarat,Kachchh,GUJARAT__KACHCHH,GUJARAT,KACHCHH,True,True,0.5714,True,low,10,12,KACHCHHâ†’Kachchh; RAJKOTâ†’Rajkot,PANCHMAHALS; SURAT; VALSAD
Gujarat,Kheda,GUJARAT__KHEDA,GUJARAT,KHEDA,True,True,0.3333,True,low,10,12,AHMEDABADâ†’Ahmadabad,KHEDA
Gujarat,Mahesana,GUJARAT__MAHESANA,GUJARAT,MAHESANA,True,True,1.0,True,low,10,12,MAHESANAâ†’Mahesana; GANDHINAGARâ†’Gandhinagar,
Gujarat,Navsari,GUJARAT__NAVSARI,GUJARAT,NAVSARI,True,False,0.0,False,medium,22,0,,SURAT; NAVSARI
Gujarat,Panchmahal,GUJARAT__PANCHMAHAL,GUJARAT,PANCHMAHAL,True,False,0.0,False,medium,22,0,,PANCHMAHALS; KHEDA
Gujarat,Patan,GUJARAT__PATAN,GUJARAT,PATAN,True,True,1.0,True,low,10,12,PATANâ†’Patan; KACHCHHâ†’Kachchh; MAHESANAâ†’Mahesana,
Gujarat,Porbandar,GUJARAT__PORBANDAR,GUJARAT,PORBANDAR,True,True,0.4286,True,low,10,12,RAJKOTâ†’Rajkot,JUNAGADH; PORBANDAR
Gujarat,Rajkot,GUJARAT__RAJKOT,GUJARAT,RAJKOT,True,True,1.0,True,low,10,12,RAJKOTâ†’Rajkot,
Gujarat,Sabarkantha,GUJARAT__SABARKANTHA,GUJARAT,SABARKANTHA,True,True,1.0,True,low,10,12,SABARKANTHAâ†’Sabarkantha,
Gujarat,Surendranagar,GUJARAT__SURENDRANAGAR,GUJARAT,SURENDRANAGAR,True,True,1.0,True,low,10,12,SURENDRANAGARâ†’Surendranagar; AHMEDABADâ†’Ahmadabad,
Gujarat,Vadodara,GUJARAT__VADODARA,GUJARAT,VADODARA,True,True,0.0833,True,low,10,12,RAJKOTâ†’Rajkot,VADODARA; PANCHMAHALS
Gujarat,Valsad,GUJARAT__VALSAD,GUJARAT,VALSAD,True,False,0.0,False,medium,22,0,,VALSAD; DANGS; NAVSARI
Haryana,AMBALA,HARYANA__AMBALA,HARYANA,AMBALA,True,True,0.9999,True,low,10,12,AMBALAâ†’Ambala; YAMUNANAGARâ†’Yamunanagar; PANCHKULAâ†’Panchkula,
Haryana,BHIWANI-MAHENDRAGARH,HARYANA__BHIWANI-MAHENDRAGARH,HARYANA,BHIWANI MAHENDRAGARH,True,False,,False,,22,0,,
Haryana,FARIDABAD,HARYANA__FARIDABAD,HARYANA,FARIDABAD,True,False,0.0,False,medium,22,0,,FARIDABAD; MAHENDRAGARH
Haryana,GURGAON,HARYANA__GURGAON,HARYANA,GURGAON,True,False,0.0,False,medium,22,0,,GURGAON; REWARI
Haryana,HISAR,HARYANA__HISAR,HARYANA,HISAR,True,False,0.0,False,medium,22,0,,HISAR; JIND
Haryana,KARNAL,HARYANA__KARNAL,HARYANA,KARNAL,True,True,1.0,True,low,10,12,KARNALâ†’Karnal; PANIPATâ†’Panipat,
Haryana,KURUKSHETRA,HARYANA__KURUKSHETRA,HARYANA,KURUKSHETRA,True,True,0.9999,True,low,10,12,KAITHALâ†’Kaithal; KURUKSHETRAâ†’Kurukshetra; YAMUNANAGARâ†’Yamunanagar,
Haryana,ROHTAK,HARYANA__ROHTAK,HARYANA,ROHTAK,True,False,0.0,False,medium,22,0,,JHAJJAR; ROHTAK; REWARI
Haryana,SIRSA,HARYANA__SIRSA,HARYANA,SIRSA,True,False,0.0,False,medium,22,0,,SIRSA; FATEHABAD; JIND
Haryana,SONIPAT,HARYANA__SONIPAT,HARYANA,SONIPAT,True,True,0.6667,True,low,10,12,SONIPATâ†’Sonipat,JIND
Himachal Pradesh,HAMIRPUR,HIMACHAL_PRADESH__HAMIRPUR,HIMACHAL PRADESH,HAMIRPUR,True,False,,False,,22,0,,
Himachal Pradesh,KANGRA,HIMACHAL_PRADESH__KANGRA,HIMACHAL PRADESH,KANGRA,True,False,,False,,22,0,,
Himachal Pradesh,MANDI,HIMACHAL_PRADESH__MANDI,HIMACHAL PRADESH,MANDI,True,False,,False,,22,0,,
Himachal Pradesh,SHIMLA,HIMACHAL_PRADESH__SHIMLA,HIMACHAL PRADESH,SHIMLA,True,False,,False,,22,0,,
Jammu and Kashmir,ANANTNAG-RAJOURI,JAMMU_AND_KASHMIR__ANANTNAG-RAJOURI,JAMMU & KASHMIR,ANANTNAG RAJOURI,True,False,,False,,22,0,,
Jammu and Kashmir,BARAMULLA,JAMMU_AND_KASHMIR__BARAMULLA,JAMMU & KASHMIR,BARAMULLA,True,False,,False,,22,0,,
Jammu and Kashmir,JAMMU,JAMMU_AND_KASHMIR__JAMMU,JAMMU & KASHMIR,JAMMU,True,False,,False,,22,0,,
Jammu and Kashmir,SRINAGAR,JAMMU_AND_KASHMIR__SRINAGAR,JAMMU & KASHMIR,SRINAGAR,True,False,,False,,22,0,,
Jammu and Kashmir,UDHAMPUR,JAMMU_AND_KASHMIR__UDHAMPUR,JAMMU & KASHMIR,UDHAMPUR,True,False,,False,,22,0,,
Jharkhand,Chatra,JHARKHAND__CHATRA,JHARKHAND,CHATRA,True,True,1.0,False,low,15,7,CHATRAâ†’Chatra; PALAMAUâ†’Palamu,
Jharkhand,Dhanbad,JHARKHAND__DHANBAD,JHARKHAND,DHANBAD,True,True,1.0,False,low,15,7,DHANBADâ†’Dhanbad; BOKAROâ†’Bokaro,
Jharkhand,Dumka,JHARKHAND__DUMKA,JHARKHAND,DUMKA,True,True,0.2,False,low,15,7,DEOGHARâ†’Deoghar,DUMKA
Jharkhand,Giridih,JHARKHAND__GIRIDIH,JHARKHAND,GIRIDIH,True,True,0.9999,False,low,15,7,BOKAROâ†’Bokaro; DHANBADâ†’Dhanbad; GIRIDIHâ†’Giridih,
Jharkhand,Godda,JHARKHAND__GODDA,JHARKHAND,GODDA,True,True,0.3333,False,low,15,7,DEOGHARâ†’Deoghar,GODDA; DUMKA
Jharkhand,Hazaribagh,JHARKHAND__HAZARIBAGH,JHARKHAND,HAZARIBAGH,True,False,0.0,False,medium,22,0,,HAZARIBAGH
Jharkhand,Jamshedpur,JHARKHAND__JAMSHEDPUR,JHARKHAND,JAMSHEDPUR,True,True,0.909,False,low,15,7,(EAST) SINGHBHUMâ†’Purbi Singhbhum; (WEST) SINGHBHUMâ†’Pashchimi Singhbhum; DHANBADâ†’Dhanbad,DUMKA
Jharkhand,Khunti,JHARKHAND__KHUNTI,JHARKHAND,KHUNTI,True,True,0.5,False,low,15,7,RANCHIâ†’Ranchi; (WEST) SINGHBHUMâ†’Pashchimi Singhbhum,GUMLA; DUMKA
Jharkhand,Kodarma,JHARKHAND__KODARMA,JHARKHAND,KODARMA,True,True,0.8333999999999999,False,low,15,7,GIRIDIHâ†’Giridih; KODARMAâ†’Kodarma,HAZARIBAGH
Jharkhand,Lohardaga,JHARKHAND__LOHARDAGA,JHARKHAND,LOHARDAGA,True,False,,False,,22,0,,
Jharkhand,Palamu,JHARKHAND__PALAMU,JHARKHAND,PALAMU,True,True,1.0,False,low,15,7,PALAMAUâ†’Palamu; GARHWAâ†’Garhwa,
Jharkhand,Rajmahal,JHARKHAND__RAJMAHAL,JHARKHAND,RAJMAHAL,True,True,1.0,False,low,15,7,SAHEBGANJâ†’Sahibganj; PAKAURâ†’Pakur,
Jharkhand,Ranchi,JHARKHAND__RANCHI,JHARKHAND,RANCHI,True,True,1.0,False,low,15,7,RANCHIâ†’Ranchi; (WEST) SINGHBHUMâ†’Pashchimi Singhbhum,
Jharkhand,Singhbhum,JHARKHAND__SINGHBHUM,JHARKHAND,SINGHBHUM,True,False,,False,,22,0,,
Karnataka,Bagalkot,KARNATAKA__BAGALKOT,KARNATAKA,BAGALKOT,True,True,1.0,True,low,10,12,BAGALKOTâ†’Bagalkot; GADAGâ†’Gadag,
Karnataka,Bangalore North,KARNATAKA__BANGALORE_NORTH,KARNATAKA,BANGALORE NORTH,True,True,1.0,True,low,10,12,BANGALOREâ†’Bangalore; MYSOREâ†’Mysore,
Karnataka,Bangalore Rural,KARNATAKA__BANGALORE_RURAL,KARNATAKA,BANGALORE RURAL,True,True,1.0,True,low,10,12,BANGALORE RURALâ†’Bangalore Rural; BANGALOREâ†’Bangalore; TUMKURâ†’Tumkur,
Karnataka,Bangalore South,KARNATAKA__BANGALORE_SOUTH,KARNATAKA,BANGALORE SOUTH,True,False,,False,,22,0,,
Karnataka,Bangalore central,KARNATAKA__BANGALORE_CENTRAL,KARNATAKA,BANGALORE CENTRAL,True,False,,False,,22,0,,
Karnataka,Belgaum,KARNATAKA__BELGAUM,KARNATAKA,BELGAUM,True,True,1.0,True,low,10,12,BELGAUMâ†’Belgaum,
Karnataka,Bellary,KARNATAKA__BELLARY,KARNATAKA,BELLARY,True,False,0.0,False,medium,22,0,,BELLARY
Karnataka,Bidar,KARNATAKA__BIDAR,KARNATAKA,BIDAR,True,True,1.0,True,low,10,12,BIDARâ†’Bidar; GULBARGAâ†’Gulbarga,
Karnataka,Bijapur,KARNATAKA__BIJAPUR,KARNATAKA,BIJAPUR,True,True,1.0,True,low,10,12,BIJAPURâ†’Bijapur,
Karnataka,Chamarajanagar,KARNATAKA__CHAMARAJANAGAR,KARNATAKA,CHAMARAJANAGAR,True,False,,False,,22,0,,
Karnataka,Chikkballapur,KARNATAKA__CHIKKBALLAPUR,KARNATAKA,CHIKKBALLAPUR,True,True,1.0001,True,low,10,12,BANGALORE RURALâ†’Bangalore Rural; KOLARâ†’Kolar; BANGALOREâ†’Bangalore,
Karnataka,Chikkodi,KARNATAKA__CHIKKODI,KARNATAKA,CHIKKODI,True,True,0.7143,True,low,10,12,BELGAUMâ†’Belgaum; BANGALOREâ†’Bangalore,DAVANAGERE; UDUPI
Karnataka,Chitradurga,KARNATAKA__CHITRADURGA,KARNATAKA,CHITRADURGA,True,True,1.0,True,low,10,12,CHITRADURGAâ†’Chitradurga; TUMKURâ†’Tumkur,
Karnataka,Dakshina Kannada,KARNATAKA__DAKSHINA_KANNADA,KARNATAKA,DAKSHINA KANNADA,True,False,,False,,22,0,,
Karnataka,Davanagere,KARNATAKA__DAVANAGERE,KARNATAKA,DAVANAGERE,True,False,0.0,False,medium,22,0,,DAVANAGERE
Karnataka,Dharwad,KARNATAKA__DHARWAD,KARNATAKA,DHARWAD,True,True,1.0,True,low,10,12,DHARWADâ†’Dharwad; HAVERIâ†’Haveri; MYSOREâ†’Mysore,
Karnataka,Gulbarga,KARNATAKA__GULBARGA,KARNATAKA,GULBARGA,True,True,1.0,False,low,15,7,GULBARGAâ†’Gulbarga,
Karnataka,Hassan,KARNATAKA__HASSAN,KARNATAKA,HASSAN,True,True,1.0,True,low,10,12,HASSANâ†’Hassan; CHICKMAGALURâ†’Chikmagalur,
Karnataka,Haveri,KARNATAKA__HAVERI,KARNATAKA,HAVERI,True,True,1.0,True,low,10,12,HAVERIâ†’Haveri; GADAGâ†’Gadag,
Karnataka,Kolar,KARNATAKA__KOLAR,KARNATAKA,KOLAR,True,True,1.0,False,low,15,7,KOLARâ†’Kolar; MYSOREâ†’Mysore,
Karnataka,Koppal,KARNATAKA__KOPPAL,KARNATAKA,KOPPAL,True,True,1.0,True,low,10,12,KOPPALâ†’Koppal; RAICHURâ†’Raichur,
Karnataka,Mandya,KARNATAKA__MANDYA,KARNATAKA,MANDYA,True,True,1.0,True,low,10,12,MANDYAâ†’Mandya; MYSOREâ†’Mysore,
Karnataka,Mysore,KARNATAKA__MYSORE,KARNATAKA,MYSORE,True,True,1.0,False,low,15,7,MYSOREâ†’Mysore; KODAGUâ†’Kodagu,
Karnataka,Raichur,KARNATAKA__RAICHUR,KARNATAKA,RAICHUR,True,True,1.0,True,low,10,12,GULBARGAâ†’Gulbarga; RAICHURâ†’Raichur,
Karnataka,Shimoga,KARNATAKA__SHIMOGA,KARNATAKA,SHIMOGA,True,True,0.875,True,low,10,12,SHIMOGAâ†’Shimoga,UDUPI
Karnataka,Tumkur,KARNATAKA__TUMKUR,KARNATAKA,TUMKUR,True,True,1.0,True,low,10,12,TUMKURâ†’Tumkur,
Karnataka,Udupi Chikmagalur,KARNATAKA__UDUPI_CHIKMAGALUR,KARNATAKA,UDUPI CHIKMAGALUR,True,False,,False,,22,0,,
Karnataka,Uttara Kannada,KARNATAKA__UTTARA_KANNADA,KARNATAKA,UTTARA KANNADA,True,True,1.0,True,low,10,12,UTTARA KANNADAâ†’Uttara Kannada; BELGAUMâ†’Belgaum,
Kerala,Alappuzha,KERALA__ALAPPUZHA,KERALA,ALAPPUZHA,True,True,1.0,True,low,10,12,Alappuzhaâ†’Alappuzha,
Kerala,Alathur,KERALA__ALATHUR,KERALA,ALATHUR,True,True,1.0,True,low,10,12,Thrissurâ†’Thrissur,
Kerala,Attingal,KERALA__ATTINGAL,KERALA,ATTINGAL,True,True,1.0,True,low,10,12,Thiruvananthapuramâ†’Thiruvananthapuram,
Kerala,Chalakudy,KERALA__CHALAKUDY,KERALA,CHALAKUDY,True,True,1.0,True,low,10,12,Thrissurâ†’Thrissur,
Kerala,Ernakulam,KERALA__ERNAKULAM,KERALA,ERNAKULAM,True,True,1.0,True,low,10,12,Ernakulamâ†’Ernakulam,
Kerala,Idukki,KERALA__IDUKKI,KERALA,IDUKKI,True,True,1.0,True,low,10,12,Idukkiâ†’Idukki,
Kerala,Kannur,KERALA__KANNUR,KERALA,KANNUR,True,False,,False,,22,0,,
Kerala,Kasaragod,KERALA__KASARAGOD,KERALA,KASARAGOD,True,True,1.0,True,low,10,12,Kannurâ†’Kannur; Kasaragodâ†’Kasaragod,
Kerala,Kollam,KERALA__KOLLAM,KERALA,KOLLAM,True,True,1.0,True,low,10,12,Kollamâ†’Kollam,
Kerala,Kottayam,KERALA__KOTTAYAM,KERALA,KOTTAYAM,True,True,1.0,True,low,10,12,Ernakulamâ†’Ernakulam; Palakkadâ†’Palakkad,
Kerala,Kozhikode,KERALA__KOZHIKODE,KERALA,KOZHIKODE,True,True,1.0,True,low,10,12,Kozhikodeâ†’Kozhikode,
Kerala,Malappuram,KERALA__MALAPPURAM,KERALA,MALAPPURAM,True,True,1.0,True,low,10,12,Malappuramâ†’Malappuram,
Kerala,Mavelikkara,KERALA__MAVELIKKARA,KERALA,MAVELIKKARA,True,True,1.0,True,low,10,12,Kollamâ†’Kollam; Alappuzhaâ†’Alappuzha,
Kerala,Palakkad,KERALA__PALAKKAD,KERALA,PALAKKAD,True,True,1.0,True,low,10,12,Palakkadâ†’Palakkad,
Kerala,Pathanamthitta,KERALA__PATHANAMTHITTA,KERALA,PATHANAMTHITTA,True,True,1.0,True,low,10,12,Kottayamâ†’Kottayam; Pathanamthittaâ†’Pathanamthitta,
Kerala,Ponnani,KERALA__PONNANI,KERALA,PONNANI,True,True,1.0,True,low,10,12,Malappuramâ†’Malappuram,
Kerala,Thiruvananthapuram,KERALA__THIRUVANANTHAPURAM,KERALA,THIRUVANANTHAPURAM,True,False,,False,,22,0,,
Kerala,Thrissur,KERALA__THRISSUR,KERALA,THRISSUR,True,True,1.0,True,low,10,12,Thrissurâ†’Thrissur,
Kerala,Vadakara,KERALA__VADAKARA,KERALA,VADAKARA,True,True,1.0,True,low,10,12,Kannurâ†’Kannur; Kozhikodeâ†’Kozhikode,
Kerala,Wayanad,KERALA__WAYANAD,KERALA,WAYANAD,True,False,,False,,22,0,,
Ladakh,Ladakh,LADAKH__LADAKH,LADAKH,LADAKH,True,False,,False,,22,0,,
Lakshadweep,Lakshadweep,LAKSHADWEEP__LAKSHADWEEP,LAKSHADWEEP,LAKSHADWEEP,True,False,,False,,22,0,,
Madhya Pradesh,BALAGHAT,MADHYA_PRADESH__BALAGHAT,MADHYA PRADESH,BALAGHAT,True,True,0.3333,True,low,10,12,SEONIâ†’Seoni,BALAGHAT
Madhya Pradesh,BETUL,MADHYA_PRADESH__BETUL,MADHYA PRADESH,BETUL,True,True,1.0,True,low,10,12,BETULâ†’Betul; HARDAâ†’Harda,
Madhya Pradesh,BHIND,MADHYA_PRADESH__BHIND,MADHYA PRADESH,BHIND,True,True,0.8333999999999999,True,low,10,12,SEONIâ†’Seoni; BHINDâ†’Bhind; DATIAâ†’Datia; JHABUAâ†’Jhabua,BALAGHAT
Madhya Pradesh,BHOPAL,MADHYA_PRADESH__BHOPAL,MADHYA PRADESH,BHOPAL,True,True,1.0,True,low,10,12,BHOPALâ†’Bhopal; SEHOREâ†’Sehore,
Madhya Pradesh,CHHINDWARA,MADHYA_PRADESH__CHHINDWARA,MADHYA PRADESH,CHHINDWARA,True,False,0.0,False,medium,22,0,,CHHINDWARA
Madhya Pradesh,DAMOH,MADHYA_PRADESH__DAMOH,MADHYA PRADESH,DAMOH,True,True,1.0001,True,low,10,12,DAMOHâ†’Damoh; SEONIâ†’Seoni; CHHATARPURâ†’Chhatarpur; JHABUAâ†’Jhabua,
Madhya Pradesh,DEWAS,MADHYA_PRADESH__DEWAS,MADHYA PRADESH,DEWAS,True,True,1.0,True,low,10,12,SHAJAPURâ†’Shajapur; DEWASâ†’Dewas; SEHOREâ†’Sehore,
Madhya Pradesh,DHAR,MADHYA_PRADESH__DHAR,MADHYA PRADESH,DHAR,True,False,,False,,22,0,,
Madhya Pradesh,GUNA,MADHYA_PRADESH__GUNA,MADHYA PRADESH,GUNA,True,True,1.0,True,low,10,12,SEONIâ†’Seoni; GUNAâ†’Guna; ASHOK NAGARâ†’Ashoknagar; SHIVPURIâ†’Shivpuri; WEST NIMAR (Khaorgone)â†’Khargone (West Nimar),
Madhya Pradesh,GWALIOR,MADHYA_PRADESH__GWALIOR,MADHYA PRADESH,GWALIOR,True,True,1.0,True,low,10,12,GWALIORâ†’Gwalior; GUNAâ†’Guna; SHIVPURIâ†’Shivpuri,
Madhya Pradesh,HOSHANGABAD,MADHYA_PRADESH__HOSHANGABAD,MADHYA PRADESH,HOSHANGABAD,True,False,,False,,22,0,,
Madhya Pradesh,INDORE,MADHYA_PRADESH__INDORE,MADHYA PRADESH,INDORE,True,True,1.0,True,low,10,12,INDOREâ†’Indore,
Madhya Pradesh,JABALPUR,MADHYA_PRADESH__JABALPUR,MADHYA PRADESH,JABALPUR,True,True,1.0,True,low,10,12,JABALPURâ†’Jabalpur,
Madhya Pradesh,KHAJURAHO,MADHYA_PRADESH__KHAJURAHO,MADHYA PRADESH,KHAJURAHO,True,True,1.0,True,low,10,12,KATNIâ†’Katni; PANNAâ†’Panna; CHHATARPURâ†’Chhatarpur,
Madhya Pradesh,KHANDWA,MADHYA_PRADESH__KHANDWA,MADHYA PRADESH,KHANDWA,True,True,1.0,True,low,10,12,EAST NIMAR (Khandwa)â†’Khandwa (East Nimar); BURHANPURâ†’Burhanpur; DEWASâ†’Dewas,
Madhya Pradesh,KHARGONE,MADHYA_PRADESH__KHARGONE,MADHYA PRADESH,KHARGONE,True,False,,False,,22,0,,
Madhya Pradesh,MANDLA,MADHYA_PRADESH__MANDLA,MADHYA PRADESH,MANDLA,True,True,1.0,True,low,10,12,DINDORIâ†’Dindori; MANDLAâ†’Mandla; SEONIâ†’Seoni,
Madhya Pradesh,MANDSOUR,MADHYA_PRADESH__MANDSOUR,MADHYA PRADESH,MANDSOUR,True,True,1.0,True,low,10,12,NEEMUCHâ†’Neemuch; MANDSOURâ†’Mandsaur,
Madhya Pradesh,MORENA,MADHYA_PRADESH__MORENA,MADHYA PRADESH,MORENA,True,True,0.8,True,low,10,12,DATIAâ†’Datia; JABALPURâ†’Jabalpur; SHEOPURâ†’Sheopur,MORENA
Madhya Pradesh,RAJGARH,MADHYA_PRADESH__RAJGARH,MADHYA PRADESH,RAJGARH,True,True,0.8,True,low,10,12,RAJGARHâ†’Rajgarh; GUNAâ†’Guna,MORENA
Madhya Pradesh,RATLAM,MADHYA_PRADESH__RATLAM,MADHYA PRADESH,RATLAM,True,True,1.0,True,low,10,12,JHABUAâ†’Jhabua; RATLAMâ†’Ratlam,
Madhya Pradesh,REWA,MADHYA_PRADESH__REWA,MADHYA PRADESH,REWA,True,True,1.0001,True,low,10,12,REWAâ†’Rewa; DATIAâ†’Datia; SEONIâ†’Seoni,
Madhya Pradesh,SAGAR,MADHYA_PRADESH__SAGAR,MADHYA PRADESH,SAGAR,True,True,1.0,True,low,10,12,SAGARâ†’Sagar; VIDISHAâ†’Vidisha; JHABUAâ†’Jhabua; SEONIâ†’Seoni,
Madhya Pradesh,SATNA,MADHYA_PRADESH__SATNA,MADHYA PRADESH,SATNA,True,True,1.0,True,low,10,12,SATNAâ†’Satna; SEONIâ†’Seoni,
Madhya Pradesh,SHAHDOL,MADHYA_PRADESH__SHAHDOL,MADHYA PRADESH,SHAHDOL,True,True,1.0,True,low,10,12,ANUPPURâ†’Anuppur; UMARIAâ†’Umaria; SHAHDOLâ†’Shahdol,
Madhya Pradesh,SIDHI,MADHYA_PRADESH__SIDHI,MADHYA PRADESH,SIDHI,True,True,1.0,True,low,10,12,SIDHIâ†’Sidhi; REWAâ†’Rewa,
Madhya Pradesh,TIKAMGARH,MADHYA_PRADESH__TIKAMGARH,MADHYA PRADESH,TIKAMGARH,True,True,1.0001,True,low,10,12,TIKAMGARHâ†’Tikamgarh; CHHATARPURâ†’Chhatarpur; SEONIâ†’Seoni; WEST NIMAR (Khaorgone)â†’Khargone (West Nimar),
Madhya Pradesh,UJJAIN,MADHYA_PRADESH__UJJAIN,MADHYA PRADESH,UJJAIN,True,False,,False,,22,0,,
Madhya Pradesh,VIDISHA,MADHYA_PRADESH__VIDISHA,MADHYA PRADESH,VIDISHA,True,True,1.0001,True,low,10,12,RAISENâ†’Raisen; SEHOREâ†’Sehore; DEWASâ†’Dewas; VIDISHAâ†’Vidisha,
Maharashtra,Ahmednagar,MAHARASHTRA__AHMEDNAGAR,MAHARASHTRA,AHMEDNAGAR,True,False,,False,,22,0,,
Maharashtra,Akola,MAHARASHTRA__AKOLA,MAHARASHTRA,AKOLA,True,False,,False,,22,0,,
Maharashtra,Amravati,MAHARASHTRA__AMRAVATI,MAHARASHTRA,AMRAVATI,True,False,,False,,22,0,,
Maharashtra,Aurangabad,MAHARASHTRA__AURANGABAD,MAHARASHTRA,AURANGABAD,True,False,,False,,22,0,,
Maharashtra,Baramati,MAHARASHTRA__BARAMATI,MAHARASHTRA,BARAMATI,True,False,,False,,22,0,,
Maharashtra,Beed,MAHARASHTRA__BEED,MAHARASHTRA,BEED,True,True,1.0,True,low,10,12,AMRAVATIâ†’Amravati,
Maharashtra,Bhandara Gondiya,MAHARASHTRA__BHANDARA_GONDIYA,MAHARASHTRA,BHANDARA GONDIYA,True,False,,False,,22,0,,
Maharashtra,Bhiwandi,MAHARASHTRA__BHIWANDI,MAHARASHTRA,BHIWANDI,True,False,,False,,22,0,,
Maharashtra,Buldhana,MAHARASHTRA__BULDHANA,MAHARASHTRA,BULDHANA,True,True,1.0,True,low,10,12,RAIGADâ†’Raigarh,
Maharashtra,Chandrapur,MAHARASHTRA__CHANDRAPUR,MAHARASHTRA,CHANDRAPUR,True,True,1.0,True,low,10,12,CHANDRAPURâ†’Chandrapur,
Maharashtra,Dhule,MAHARASHTRA__DHULE,MAHARASHTRA,DHULE,True,False,,False,,22,0,,
Maharashtra,Dindori,MAHARASHTRA__DINDORI,MAHARASHTRA,DINDORI,True,False,,False,,22,0,,
Maharashtra,Gadchiroli - Chimur,MAHARASHTRA__GADCHIROLI_-_CHIMUR,MAHARASHTRA,GADCHIROLI CHIMUR,True,False,,False,,22,0,,
Maharashtra,Hatkanangale,MAHARASHTRA__HATKANANGALE,MAHARASHTRA,HATKANANGALE,True,False,,False,,22,0,,
Maharashtra,Hingoli,MAHARASHTRA__HINGOLI,MAHARASHTRA,HINGOLI,True,True,1.0,True,low,10,12,HINGOLIâ†’Hingoli,
Maharashtra,Jalgaon,MAHARASHTRA__JALGAON,MAHARASHTRA,JALGAON,True,False,,False,,22,0,,
Maharashtra,Jalna,MAHARASHTRA__JALNA,MAHARASHTRA,JALNA,True,False,,False,,22,0,,
Maharashtra,Kalyan,MAHARASHTRA__KALYAN,MAHARASHTRA,KALYAN,True,False,,False,,22,0,,
Maharashtra,Kolhapur,MAHARASHTRA__KOLHAPUR,MAHARASHTRA,KOLHAPUR,True,False,,False,,22,0,,
Maharashtra,Latur,MAHARASHTRA__LATUR,MAHARASHTRA,LATUR,True,True,1.0,False,low,15,7,SOLAPURâ†’Solapur,
Maharashtra,Madha,MAHARASHTRA__MADHA,MAHARASHTRA,MADHA,True,False,,False,,22,0,,
Maharashtra,Maval,MAHARASHTRA__MAVAL,MAHARASHTRA,MAVAL,True,False,,False,,22,0,,
Maharashtra,Mumbai North,MAHARASHTRA__MUMBAI_NORTH,MAHARASHTRA,MUMBAI NORTH,True,False,,False,,22,0,,
Maharashtra,Mumbai North Central,MAHARASHTRA__MUMBAI_NORTH_CENTRAL,MAHARASHTRA,MUMBAI NORTH CENTRAL,True,False,,False,,22,0,,
Maharashtra,Mumbai North East,MAHARASHTRA__MUMBAI_NORTH_EAST,MAHARASHTRA,MUMBAI NORTH EAST,True,False,,False,,22,0,,
Maharashtra,Mumbai North West,MAHARASHTRA__MUMBAI_NORTH_WEST,MAHARASHTRA,MUMBAI NORTH WEST,True,True,1.0,True,low,10,12,MUMBAI SUBURBANâ†’Mumbai Suburban,
Maharashtra,Mumbai South,MAHARASHTRA__MUMBAI_SOUTH,MAHARASHTRA,MUMBAI SOUTH,True,True,1.0,True,low,10,12,MUMBAI CITYâ†’Mumbai,
Maharashtra,Mumbai South Central,MAHARASHTRA__MUMBAI_SOUTH_CENTRAL,MAHARASHTRA,MUMBAI SOUTH CENTRAL,True,True,1.0,True,low,10,12,MUMBAI SUBURBANâ†’Mumbai Suburban; MUMBAI CITYâ†’Mumbai,
Maharashtra,Nagpur,MAHARASHTRA__NAGPUR,MAHARASHTRA,NAGPUR,True,False,,False,,22,0,,
Maharashtra,Nanded,MAHARASHTRA__NANDED,MAHARASHTRA,NANDED,True,True,1.0,True,low,10,12,MUMBAI CITYâ†’Mumbai,
Maharashtra,Nandurbar,MAHARASHTRA__NANDURBAR,MAHARASHTRA,NANDURBAR,True,False,,False,,22,0,,
Maharashtra,Nashik,MAHARASHTRA__NASHIK,MAHARASHTRA,NASHIK,True,False,,False,,22,0,,
Maharashtra,Osmanabad,MAHARASHTRA__OSMANABAD,MAHARASHTRA,OSMANABAD,True,False,,False,,22,0,,
Maharashtra,Palghar,MAHARASHTRA__PALGHAR,MAHARASHTRA,PALGHAR,True,True,1.0,True,low,10,12,THANEâ†’Thane,
Maharashtra,Parbhani,MAHARASHTRA__PARBHANI,MAHARASHTRA,PARBHANI,True,True,1.0,True,low,10,12,PARBHANIâ†’Parbhani,
Maharashtra,Pune,MAHARASHTRA__PUNE,MAHARASHTRA,PUNE,True,False,,False,,22,0,,
Maharashtra,Raigad,MAHARASHTRA__RAIGAD,MAHARASHTRA,RAIGAD,True,False,,False,,22,0,,
Maharashtra,Ramtek,MAHARASHTRA__RAMTEK,MAHARASHTRA,RAMTEK,True,False,,False,,22,0,,
Maharashtra,Ratnagiri- Sindhudurg,MAHARASHTRA__RATNAGIRI-_SINDHUDURG,MAHARASHTRA,RATNAGIRI SINDHUDURG,True,False,,False,,22,0,,
Maharashtra,Raver,MAHARASHTRA__RAVER,MAHARASHTRA,RAVER,True,False,,False,,22,0,,
Maharashtra,Sangli,MAHARASHTRA__SANGLI,MAHARASHTRA,SANGLI,True,False,,False,,22,0,,
Maharashtra,Satara,MAHARASHTRA__SATARA,MAHARASHTRA,SATARA,True,True,1.0,False,low,15,7,SATARAâ†’Satara,
Maharashtra,Shirdi,MAHARASHTRA__SHIRDI,MAHARASHTRA,SHIRDI,True,False,,False,,22,0,,
Maharashtra,Shirur,MAHARASHTRA__SHIRUR,MAHARASHTRA,SHIRUR,True,False,,False,,22,0,,
Maharashtra,Solapur,MAHARASHTRA__SOLAPUR,MAHARASHTRA,SOLAPUR,True,False,,False,,22,0,,
Maharashtra,Thane,MAHARASHTRA__THANE,MAHARASHTRA,THANE,True,True,1.0,True,low,10,12,THANEâ†’Thane,
Maharashtra,Wardha,MAHARASHTRA__WARDHA,MAHARASHTRA,WARDHA,True,False,,False,,22,0,,
Maharashtra,Yavatmal- Washim,MAHARASHTRA__YAVATMAL-_WASHIM,MAHARASHTRA,YAVATMAL WASHIM,True,False,,False,,22,0,,
Manipur,Inner Manipur,MANIPUR__INNER_MANIPUR,MANIPUR,INNER MANIPUR,True,False,,False,,22,0,,
Manipur,Outer Manipur,MANIPUR__OUTER_MANIPUR,MANIPUR,OUTER MANIPUR,True,False,,False,,22,0,,
Meghalaya,Shillong,MEGHALAYA__SHILLONG,MEGHALAYA,SHILLONG,True,True,1.0001,True,low,10,12,EAST KHASI HILLSâ†’West Khasi Hills; WEST GARO HILLSâ†’West Garo Hills; WEST KHASI HILLSâ†’West Khasi Hills; EAST GARO HILLSâ†’East Garo Hills; SOUTH GARO HILLSâ†’South Garo Hills,
Meghalaya,Tura,MEGHALAYA__TURA,MEGHALAYA,TURA,True,True,0.9999,True,low,10,12,WEST GARO HILLSâ†’West Garo Hills; EAST GARO HILLSâ†’East Garo Hills; SOUTH GARO HILLSâ†’South Garo Hills,
Mizoram,MIZORAM,MIZORAM__MIZORAM,MIZORAM,MIZORAM,True,False,,False,,22,0,,
NCT OF Delhi,Chandni Chowk,NCT_OF_DELHI__CHANDNI_CHOWK,NCT OF DELHI,CHANDNI CHOWK,True,False,,False,,22,0,,
NCT OF Delhi,East Delhi,NCT_OF_DELHI__EAST_DELHI,NCT OF DELHI,EAST DELHI,True,False,,False,,22,0,,
NCT OF Delhi,New Delhi,NCT_OF_DELHI__NEW_DELHI,NCT OF DELHI,NEW DELHI,True,False,,False,,22,0,,
NCT OF Delhi,North-East Delhi,NCT_OF_DELHI__NORTH-EAST_DELHI,NCT OF DELHI,NORTH EAST DELHI,True,False,,False,,22,0,,
NCT OF Delhi,North-West Delhi,NCT_OF_DELHI__NORTH-WEST_DELHI,NCT OF DELHI,NORTH WEST DELHI,True,False,,False,,22,0,,
NCT OF Delhi,South Delhi,NCT_OF_DELHI__SOUTH_DELHI,NCT OF DELHI,SOUTH DELHI,True,False,,False,,22,0,,
NCT OF Delhi,West Delhi,NCT_OF_DELHI__WEST_DELHI,NCT OF DELHI,WEST DELHI,True,False,,False,,22,0,,
Nagaland,Nagaland,NAGALAND__NAGALAND,NAGALAND,NAGALAND,True,False,,False,,22,0,,
Odisha,Aska,ODISHA__ASKA,ODISHA,ASKA,True,False,,False,,22,0,,
Odisha,Balasore,ODISHA__BALASORE,ODISHA,BALASORE,True,False,,False,,22,0,,
Odisha,Bargarh,ODISHA__BARGARH,ODISHA,BARGARH,True,False,,False,,22,0,,
Odisha,Berhampur,ODISHA__BERHAMPUR,ODISHA,BERHAMPUR,True,False,,False,,22,0,,
Odisha,Bhadrak,ODISHA__BHADRAK,ODISHA,BHADRAK,True,False,,False,,22,0,,
Odisha,Bhubaneswar,ODISHA__BHUBANESWAR,ODISHA,BHUBANESWAR,True,False,,False,,22,0,,
Odisha,Bolangir,ODISHA__BOLANGIR,ODISHA,BOLANGIR,True,False,,False,,22,0,,
Odisha,Cuttack,ODISHA__CUTTACK,ODISHA,CUTTACK,True,False,,False,,22,0,,
Odisha,Dhenkanal,ODISHA__DHENKANAL,ODISHA,DHENKANAL,True,False,,False,,22,0,,
Odisha,Jagatsinghpur,ODISHA__JAGATSINGHPUR,ODISHA,JAGATSINGHPUR,True,False,,False,,22,0,,
Odisha,Jajpur,ODISHA__JAJPUR,ODISHA,JAJPUR,True,False,,False,,22,0,,
Odisha,Kalahandi,ODISHA__KALAHANDI,ODISHA,KALAHANDI,True,False,,False,,22,0,,
Odisha,Kandhamal,ODISHA__KANDHAMAL,ODISHA,KANDHAMAL,True,False,,False,,22,0,,
Odisha,Kendrapara,ODISHA__KENDRAPARA,ODISHA,KENDRAPARA,True,False,,False,,22,0,,
Odisha,Keonjhar,ODISHA__KEONJHAR,ODISHA,KEONJHAR,True,False,,False,,22,0,,
Odisha,Koraput,ODISHA__KORAPUT,ODISHA,KORAPUT,True,False,,False,,22,0,,
Odisha,Mayurbhanj,ODISHA__MAYURBHANJ,ODISHA,MAYURBHANJ,True,False,,False,,22,0,,
Odisha,Nabarangpur,ODISHA__NABARANGPUR,ODISHA,NABARANGPUR,True,False,,False,,22,0,,
Odisha,Puri,ODISHA__PURI,ODISHA,PURI,True,False,,False,,22,0,,
Odisha,Sambalpur,ODISHA__SAMBALPUR,ODISHA,SAMBALPUR,True,False,,False,,22,0,,
Odisha,Sundargarh,ODISHA__SUNDARGARH,ODISHA,SUNDARGARH,True,False,,False,,22,0,,
Puducherry,PUDUCHERRY,PUDUCHERRY__PUDUCHERRY,PUDUCHERRY,PUDUCHERRY,True,False,,False,,22,0,,
Punjab,Amritsar,PUNJAB__AMRITSAR,PUNJAB,AMRITSAR,True,False,0.0,False,medium,22,0,,AMRITSAR
Punjab,Anandpur Sahib,PUNJAB__ANANDPUR_SAHIB,PUNJAB,ANANDPUR SAHIB,True,True,0.125,True,low,10,12,HOSHIARPURâ†’Hoshiarpur,RUPNAGAR; NAWAN SHAHR
Punjab,Bathinda,PUNJAB__BATHINDA,PUNJAB,BATHINDA,True,False,0.0,False,medium,22,0,,BATHINDA; MANSA; MUKTSAR
Punjab,Faridkot,PUNJAB__FARIDKOT,PUNJAB,FARIDKOT,True,True,0.4444,True,low,10,12,MOGAâ†’Moga,FARIDKOT; BATHINDA; MUKTSAR
Punjab,Fatehgarh Sahib,PUNJAB__FATEHGARH_SAHIB,PUNJAB,FATEHGARH SAHIB,True,True,0.4444,True,low,10,12,FATEHGARH SAHIBâ†’Fatehgarh Sahib; SANGRURâ†’Sangrur,LUDHIANA
Punjab,Firozpur,PUNJAB__FIROZPUR,PUNJAB,FIROZPUR,True,False,0.0,False,medium,22,0,,FIROZPUR; MUKTSAR
Punjab,Gurdaspur,PUNJAB__GURDASPUR,PUNJAB,GURDASPUR,True,True,1.0,True,medium,10,12,GURDASPURâ†’Gurdaspur,
Punjab,Hoshiarpur,PUNJAB__HOSHIARPUR,PUNJAB,HOSHIARPUR,True,True,1.0,True,low,10,12,HOSHIARPURâ†’Hoshiarpur; KAPURTHALAâ†’Kapurthala; GURDASPURâ†’Gurdaspur,
Punjab,Jalandhar,PUNJAB__JALANDHAR,PUNJAB,JALANDHAR,True,True,1.0,True,low,10,12,JALANDHARâ†’Jalandhar,
Punjab,Khadoor Sahib,PUNJAB__KHADOOR_SAHIB,PUNJAB,KHADOOR SAHIB,True,True,0.2222,True,low,10,12,KAPURTHALAâ†’Kapurthala,AMRITSAR; FIROZPUR
Punjab,Ludhiana,PUNJAB__LUDHIANA,PUNJAB,LUDHIANA,True,False,0.0,False,medium,22,0,,LUDHIANA
Punjab,Patiala,PUNJAB__PATIALA,PUNJAB,PATIALA,True,False,0.0,False,medium,22,0,,PATIALA
Punjab,Sangrur,PUNJAB__SANGRUR,PUNJAB,SANGRUR,True,True,1.0,False,low,15,7,SANGRURâ†’Sangrur,
Rajasthan,AJMER,RAJASTHAN__AJMER,RAJASTHAN,AJMER,True,False,,False,,22,0,,
Rajasthan,ALWAR,RAJASTHAN__ALWAR,RAJASTHAN,ALWAR,True,True,1.0,True,low,10,12,HANUMANGARHâ†’Hanumangarh,
Rajasthan,BANSWARA,RAJASTHAN__BANSWARA,RAJASTHAN,BANSWARA,True,True,1.0,True,low,10,12,BANSWARAâ†’Banswara,
Rajasthan,BARMER,RAJASTHAN__BARMER,RAJASTHAN,BARMER,True,False,,False,,22,0,,
Rajasthan,BHARATPUR,RAJASTHAN__BHARATPUR,RAJASTHAN,BHARATPUR,True,False,,False,,22,0,,
Rajasthan,BHILWARA,RAJASTHAN__BHILWARA,RAJASTHAN,BHILWARA,True,True,1.0,True,low,10,12,BHILWARAâ†’Bhilwara,
Rajasthan,BIKANER,RAJASTHAN__BIKANER,RAJASTHAN,BIKANER,True,True,1.0,True,low,10,12,GANGANAGARâ†’Ganganagar,
Rajasthan,CHITTORGARH,RAJASTHAN__CHITTORGARH,RAJASTHAN,CHITTORGARH,True,True,1.0,False,low,15,7,CHITTORGARHâ†’Chittaurgarh,
Rajasthan,CHURU,RAJASTHAN__CHURU,RAJASTHAN,CHURU,True,True,1.0,True,low,10,12,HANUMANGARHâ†’Hanumangarh,
Rajasthan,DAUSA,RAJASTHAN__DAUSA,RAJASTHAN,DAUSA,True,False,,False,,22,0,,
Rajasthan,GANGANAGAR,RAJASTHAN__GANGANAGAR,RAJASTHAN,GANGANAGAR,True,True,1.0,True,low,10,12,GANGANAGARâ†’Ganganagar; BHARATPURâ†’Bharatpur; HANUMANGARHâ†’Hanumangarh,
Rajasthan,JAIPUR,RAJASTHAN__JAIPUR,RAJASTHAN,JAIPUR,True,False,,False,,22,0,,
Rajasthan,JAIPUR RURAL,RAJASTHAN__JAIPUR_RURAL,RAJASTHAN,JAIPUR RURAL,True,False,,False,,22,0,,
Rajasthan,JALORE,RAJASTHAN__JALORE,RAJASTHAN,JALORE,True,False,,False,,22,0,,
Rajasthan,JHALAWAR-BARAN,RAJASTHAN__JHALAWAR-BARAN,RAJASTHAN,JHALAWAR BARAN,True,False,,False,,22,0,,
Rajasthan,JHUNJHUNU,RAJASTHAN__JHUNJHUNU,RAJASTHAN,JHUNJHUNU,True,False,,False,,22,0,,
Rajasthan,JODHPUR,RAJASTHAN__JODHPUR,RAJASTHAN,JODHPUR,True,False,,False,,22,0,,
Rajasthan,KARAULI-DHOLPUR,RAJASTHAN__KARAULI-DHOLPUR,RAJASTHAN,KARAULI DHOLPUR,True,False,,False,,22,0,,
Rajasthan,KOTA,RAJASTHAN__KOTA,RAJASTHAN,KOTA,True,True,1.0,True,low,10,12,BUNDIâ†’Bundi; KOTAâ†’Kota,
Rajasthan,NAGAUR,RAJASTHAN__NAGAUR,RAJASTHAN,NAGAUR,True,False,,False,,22,0,,
Rajasthan,PALI,RAJASTHAN__PALI,RAJASTHAN,PALI,True,True,1.0,True,low,10,12,PALIâ†’Pali,
Rajasthan,RAJSAMAND,RAJASTHAN__RAJSAMAND,RAJASTHAN,RAJSAMAND,True,True,1.0,True,low,10,12,RAJSAMANDâ†’Rajsamand,
Rajasthan,SIKAR,RAJASTHAN__SIKAR,RAJASTHAN,SIKAR,True,True,1.0,True,low,10,12,SIKARâ†’Sikar,
Rajasthan,TONK-SAWAI MADHOPUR,RAJASTHAN__TONK-SAWAI_MADHOPUR,RAJASTHAN,TONK SAWAI MADHOPUR,True,False,,False,,22,0,,
Rajasthan,UDAIPUR,RAJASTHAN__UDAIPUR,RAJASTHAN,UDAIPUR,True,False,,False,,22,0,,
Sikkim,Sikkim,SIKKIM__SIKKIM,SIKKIM,SIKKIM,True,False,,False,,22,0,,
Tamil Nadu,ARAKKONAM,TAMIL_NADU__ARAKKONAM,TAMIL NADU,ARAKKONAM,True,False,,False,,22,0,,
Tamil Nadu,ARANI,TAMIL_NADU__ARANI,TAMIL NADU,ARANI,True,False,,False,,22,0,,
Tamil Nadu,CHENNAI CENTRAL,TAMIL_NADU__CHENNAI_CENTRAL,TAMIL NADU,CHENNAI CENTRAL,True,False,,False,,22,0,,
Tamil Nadu,CHENNAI NORTH,TAMIL_NADU__CHENNAI_NORTH,TAMIL NADU,CHENNAI NORTH,True,False,,False,,22,0,,
Tamil Nadu,CHENNAI SOUTH,TAMIL_NADU__CHENNAI_SOUTH,TAMIL NADU,CHENNAI SOUTH,True,False,,False,,22,0,,
Tamil Nadu,CHIDAMBARAM,TAMIL_NADU__CHIDAMBARAM,TAMIL NADU,CHIDAMBARAM,True,False,,False,,22,0,,
Tamil Nadu,COIMBATORE,TAMIL_NADU__COIMBATORE,TAMIL NADU,COIMBATORE,True,False,,False,,22,0,,
Tamil Nadu,CUDDALORE,TAMIL_NADU__CUDDALORE,TAMIL NADU,CUDDALORE,True,False,,False,,22,0,,
Tamil Nadu,DHARMAPURI,TAMIL_NADU__DHARMAPURI,TAMIL NADU,DHARMAPURI,True,False,,False,,22,0,,
Tamil Nadu,DINDIGUL,TAMIL_NADU__DINDIGUL,TAMIL NADU,DINDIGUL,True,False,,False,,22,0,,
Tamil Nadu,ERODE,TAMIL_NADU__ERODE,TAMIL NADU,ERODE,True,False,,False,,22,0,,
Tamil Nadu,KALLAKURICHI,TAMIL_NADU__KALLAKURICHI,TAMIL NADU,KALLAKURICHI,True,False,,False,,22,0,,
Tamil Nadu,KANCHEEPURAM,TAMIL_NADU__KANCHEEPURAM,TAMIL NADU,KANCHEEPURAM,True,False,,False,,22,0,,
Tamil Nadu,KANNIYAKUMARI,TAMIL_NADU__KANNIYAKUMARI,TAMIL NADU,KANNIYAKUMARI,True,False,,False,,22,0,,
Tamil Nadu,KARUR,TAMIL_NADU__KARUR,TAMIL NADU,KARUR,True,False,,False,,22,0,,
Tamil Nadu,KRISHNAGIRI,TAMIL_NADU__KRISHNAGIRI,TAMIL NADU,KRISHNAGIRI,True,False,,False,,22,0,,
Tamil Nadu,MADURAI,TAMIL_NADU__MADURAI,TAMIL NADU,MADURAI,True,False,,False,,22,0,,
Tamil Nadu,MAYILADUTHURAI,TAMIL_NADU__MAYILADUTHURAI,TAMIL NADU,MAYILADUTHURAI,True,False,,False,,22,0,,
Tamil Nadu,NAGAPATTINAM,TAMIL_NADU__NAGAPATTINAM,TAMIL NADU,NAGAPATTINAM,True,False,,False,,22,0,,
Tamil Nadu,NAMAKKAL,TAMIL_NADU__NAMAKKAL,TAMIL NADU,NAMAKKAL,True,False,,False,,22,0,,
Tamil Nadu,NILGIRIS,TAMIL_NADU__NILGIRIS,TAMIL NADU,NILGIRIS,True,False,,False,,22,0,,
Tamil Nadu,PERAMBALUR,TAMIL_NADU__PERAMBALUR,TAMIL NADU,PERAMBALUR,True,False,,False,,22,0,,
Tamil Nadu,POLLACHI,TAMIL_NADU__POLLACHI,TAMIL NADU,POLLACHI,True,False,,False,,22,0,,
Tamil Nadu,RAMANATHAPURAM,TAMIL_NADU__RAMANATHAPURAM,TAMIL NADU,RAMANATHAPURAM,True,False,,False,,22,0,,
Tamil Nadu,SALEM,TAMIL_NADU__SALEM,TAMIL NADU,SALEM,True,False,,False,,22,0,,
Tamil Nadu,SIVAGANGA,TAMIL_NADU__SIVAGANGA,TAMIL NADU,SIVAGANGA,True,False,,False,,22,0,,
Tamil Nadu,SRIPERUMBUDUR,TAMIL_NADU__SRIPERUMBUDUR,TAMIL NADU,SRIPERUMBUDUR,True,False,,False,,22,0,,
Tamil Nadu,TENKASI,TAMIL_NADU__TENKASI,TAMIL NADU,TENKASI,True,False,,False,,22,0,,
Tamil Nadu,THANJAVUR,TAMIL_NADU__THANJAVUR,TAMIL NADU,THANJAVUR,True,False,,False,,22,0,,
Tamil Nadu,THENI,TAMIL_NADU__THENI,TAMIL NADU,THENI,True,False,,False,,22,0,,
Tamil Nadu,THOOTHUKKUDI,TAMIL_NADU__THOOTHUKKUDI,TAMIL NADU,THOOTHUKKUDI,True,False,,False,,22,0,,
Tamil Nadu,TIRUCHIRAPPALLI,TAMIL_NADU__TIRUCHIRAPPALLI,TAMIL NADU,TIRUCHIRAPPALLI,True,False,,False,,22,0,,
Tamil Nadu,TIRUNELVELI,TAMIL_NADU__TIRUNELVELI,TAMIL NADU,TIRUNELVELI,True,False,,False,,22,0,,
Tamil Nadu,TIRUPPUR,TAMIL_NADU__TIRUPPUR,TAMIL NADU,TIRUPPUR,True,False,,False,,22,0,,
Tamil Nadu,TIRUVALLUR,TAMIL_NADU__TIRUVALLUR,TAMIL NADU,TIRUVALLUR,True,False,,False,,22,0,,
Tamil Nadu,TIRUVANNAMALAI,TAMIL_NADU__TIRUVANNAMALAI,TAMIL NADU,TIRUVANNAMALAI,True,False,,False,,22,0,,
Tamil Nadu,VELLORE,TAMIL_NADU__VELLORE,TAMIL NADU,VELLORE,True,False,,False,,22,0,,
Tamil Nadu,VILUPPURAM,TAMIL_NADU__VILUPPURAM,TAMIL NADU,VILUPPURAM,True,False,,False,,22,0,,
Tamil Nadu,VIRUDHUNAGAR,TAMIL_NADU__VIRUDHUNAGAR,TAMIL NADU,VIRUDHUNAGAR,True,False,,False,,22,0,,
Telangana,Adilabad,TELANGANA__ADILABAD,TELANGANA,ADILABAD,True,True,1.0,True,medium,12,10,ADILABADâ†’Adilabad (NFHS-4 proxy),
Telangana,Bhongir,TELANGANA__BHONGIR,TELANGANA,BHONGIR,True,True,1.0,True,low,10,12,RANGAREDDIâ†’Ranga Reddy,
Telangana,Chevella,TELANGANA__CHEVELLA,TELANGANA,CHEVELLA,True,True,1.0,True,low,10,12,RANGAREDDIâ†’Ranga Reddy,
Telangana,Hyderabad,TELANGANA__HYDERABAD,TELANGANA,HYDERABAD,True,True,1.0,True,medium,12,10,HYDERABADâ†’Hyderabad (NFHS-4 proxy),
Telangana,Karimnagar,TELANGANA__KARIMNAGAR,TELANGANA,KARIMNAGAR,True,True,1.0,True,medium,12,10,KARIMNAGARâ†’Karimnagar (NFHS-4 proxy),
Telangana,Khammam,TELANGANA__KHAMMAM,TELANGANA,KHAMMAM,True,False,,False,,22,0,,
Telangana,Mahabubabad,TELANGANA__MAHABUBABAD,TELANGANA,MAHABUBABAD,True,True,1.0,True,medium,12,10,MEDAKâ†’Medak (NFHS-4 proxy),
Telangana,Mahbubnagar,TELANGANA__MAHBUBNAGAR,TELANGANA,MAHBUBNAGAR,True,True,1.0,True,medium,12,10,MAHBUBNAGARâ†’Mahbubnagar (NFHS-4 proxy),
Telangana,Malkajgiri,TELANGANA__MALKAJGIRI,TELANGANA,MALKAJGIRI,True,True,1.0,True,low,10,12,RANGAREDDIâ†’Ranga Reddy,
Telangana,Medak,TELANGANA__MEDAK,TELANGANA,MEDAK,True,True,1.0,True,medium,12,10,MEDAKâ†’Medak (NFHS-4 proxy),
Telangana,Nagarkurnool,TELANGANA__NAGARKURNOOL,TELANGANA,NAGARKURNOOL,True,True,1.0,True,medium,12,10,MAHBUBNAGARâ†’Mahbubnagar (NFHS-4 proxy),
Telangana,Nalgonda,TELANGANA__NALGONDA,TELANGANA,NALGONDA,True,False,,False,,22,0,,
Telangana,Nizamabad,TELANGANA__NIZAMABAD,TELANGANA,NIZAMABAD,True,True,1.0,True,medium,10,12,NIZAMABADâ†’Nizamabad; KARIMNAGARâ†’Karimnagar (NFHS-4 proxy),
Telangana,Peddapalle,TELANGANA__PEDDAPALLE,TELANGANA,PEDDAPALLE,True,True,1.0,True,medium,12,10,KARIMNAGARâ†’Karimnagar (NFHS-4 proxy); ADILABADâ†’Adilabad (NFHS-4 proxy),
Telangana,Secunderabad,TELANGANA__SECUNDERABAD,TELANGANA,SECUNDERABAD,True,True,1.0,True,medium,12,10,HYDERABADâ†’Hyderabad (NFHS-4 proxy),
Telangana,Warangal,TELANGANA__WARANGAL,TELANGANA,WARANGAL,True,False,,False,,22,0,,
Telangana,Zahirabad,TELANGANA__ZAHIRABAD,TELANGANA,ZAHIRABAD,True,True,1.0,True,medium,10,12,NIZAMABADâ†’Nizamabad; MEDAKâ†’Medak (NFHS-4 proxy),
Tripura,Tripura East,TRIPURA__TRIPURA_EAST,TRIPURA,TRIPURA EAST,True,True,0.7391000000000001,True,low,10,12,NORTH TRIPURAâ†’North Tripura; SOUTH TRIPURAâ†’South Tripura; WEST TRIPURAâ†’West Tripura,DHALAI
Tripura,Tripura West,TRIPURA__TRIPURA_WEST,TRIPURA,TRIPURA WEST,True,True,1.0001,True,low,10,12,WEST TRIPURAâ†’West Tripura; NORTH TRIPURAâ†’North Tripura; SOUTH TRIPURAâ†’South Tripura,
Uttar Pradesh,Agra,UTTAR_PRADESH__AGRA,UTTAR PRADESH,AGRA,True,False,0.0,False,medium,22,0,,AZAMGARH
Uttar Pradesh,Akbarpur,UTTAR_PRADESH__AKBARPUR,UTTAR PRADESH,AKBARPUR,True,False,,False,,22,0,,
Uttar Pradesh,Aligarh,UTTAR_PRADESH__ALIGARH,UTTAR PRADESH,ALIGARH,True,True,0.3333,True,low,10,12,BUDAUNâ†’Budaun,AZAMGARH; GHAZIPUR
Uttar Pradesh,Allahabad,UTTAR_PRADESH__ALLAHABAD,UTTAR PRADESH,ALLAHABAD,True,True,0.5,True,low,10,12,MATHURAâ†’Mathura,ALLAHABAD
Uttar Pradesh,Ambedkar Nagar,UTTAR_PRADESH__AMBEDKAR_NAGAR,UTTAR PRADESH,AMBEDKAR NAGAR,True,False,,False,,22,0,,
Uttar Pradesh,Amethi,UTTAR_PRADESH__AMETHI,UTTAR PRADESH,AMETHI,True,True,0.5,True,low,10,12,SULTANPURâ†’Sultanpur,AZAMGARH
Uttar Pradesh,Amroha,UTTAR_PRADESH__AMROHA,UTTAR PRADESH,AMROHA,True,False,0.0,False,medium,22,0,,SITAPUR; SONBHADRA
Uttar Pradesh,Aonla,UTTAR_PRADESH__AONLA,UTTAR PRADESH,AONLA,True,False,,False,,22,0,,
Uttar Pradesh,Azamgarh,UTTAR_PRADESH__AZAMGARH,UTTAR PRADESH,AZAMGARH,True,False,,False,,22,0,,
Uttar Pradesh,Badaun,UTTAR_PRADESH__BADAUN,UTTAR PRADESH,BADAUN,True,True,0.6666,True,low,10,12,BUDAUNâ†’Budaun; SULTANPURâ†’Sultanpur,KUSHI NAGAR
Uttar Pradesh,Baghpat,UTTAR_PRADESH__BAGHPAT,UTTAR PRADESH,BAGHPAT,True,False,,False,,22,0,,
Uttar Pradesh,Baharaich,UTTAR_PRADESH__BAHARAICH,UTTAR PRADESH,BAHARAICH,True,False,,False,,22,0,,
Uttar Pradesh,Ballia,UTTAR_PRADESH__BALLIA,UTTAR PRADESH,BALLIA,True,False,0.0,False,medium,22,0,,BALLIA
Uttar Pradesh,Banda,UTTAR_PRADESH__BANDA,UTTAR PRADESH,BANDA,True,False,0.0,False,medium,22,0,,GHAZIPUR
Uttar Pradesh,Bansgaon,UTTAR_PRADESH__BANSGAON,UTTAR PRADESH,BANSGAON,True,False,,False,,22,0,,
Uttar Pradesh,Barabanki,UTTAR_PRADESH__BARABANKI,UTTAR PRADESH,BARABANKI,True,False,,False,,22,0,,
Uttar Pradesh,Bareilly,UTTAR_PRADESH__BAREILLY,UTTAR PRADESH,BAREILLY,True,True,1.0,True,low,10,12,BAREILLYâ†’Bareilly,
Uttar Pradesh,Basti,UTTAR_PRADESH__BASTI,UTTAR PRADESH,BASTI,True,False,,False,,22,0,,
Uttar Pradesh,Bhadohi,UTTAR_PRADESH__BHADOHI,UTTAR PRADESH,BHADOHI,True,False,,False,,22,0,,
Uttar Pradesh,Bijnor,UTTAR_PRADESH__BIJNOR,UTTAR PRADESH,BIJNOR,True,True,0.9999,True,low,10,12,MATHURAâ†’Mathura; MORADABADâ†’Moradabad; UNNAOâ†’Unnao,
Uttar Pradesh,Bulandshahr,UTTAR_PRADESH__BULANDSHAHR,UTTAR PRADESH,BULANDSHAHR,True,True,0.25,True,low,10,12,MORADABADâ†’Moradabad,AZAMGARH; BASTI; SANT RAVIDAS NAGAR
Uttar Pradesh,Chandauli,UTTAR_PRADESH__CHANDAULI,UTTAR PRADESH,CHANDAULI,True,False,0.0,False,medium,22,0,,GHAZIPUR
Uttar Pradesh,Deoria,UTTAR_PRADESH__DEORIA,UTTAR PRADESH,DEORIA,True,False,0.0,False,medium,22,0,,DEORIA
Uttar Pradesh,Dhaurahra,UTTAR_PRADESH__DHAURAHRA,UTTAR PRADESH,DHAURAHRA,True,True,0.5,True,low,10,12,BULANDSHAHARâ†’Bulandshahr,BALLIA
Uttar Pradesh,Domariyaganj,UTTAR_PRADESH__DOMARIYAGANJ,UTTAR PRADESH,DOMARIYAGANJ,True,False,0.0,False,medium,22,0,,SIDDHARTHNAGAR
Uttar Pradesh,Etah,UTTAR_PRADESH__ETAH,UTTAR PRADESH,ETAH,True,False,0.0,False,medium,22,0,,BALRAMPUR
Uttar Pradesh,Etawah,UTTAR_PRADESH__ETAWAH,UTTAR PRADESH,ETAWAH,True,True,1.0,True,low,10,12,AURAIYAâ†’Auraiya,
Uttar Pradesh,Faizabad,UTTAR_PRADESH__FAIZABAD,UTTAR PRADESH,FAIZABAD,True,False,,False,,22,0,,
Uttar Pradesh,Farrukhabad,UTTAR_PRADESH__FARRUKHABAD,UTTAR PRADESH,FARRUKHABAD,True,True,1.0,True,low,10,12,BULANDSHAHARâ†’Bulandshahr,
Uttar Pradesh,Fatehpur,UTTAR_PRADESH__FATEHPUR,UTTAR PRADESH,FATEHPUR,True,False,0.0,False,medium,22,0,,FATEHPUR
Uttar Pradesh,Fatehpur Sikri,UTTAR_PRADESH__FATEHPUR_SIKRI,UTTAR PRADESH,FATEHPUR SIKRI,True,False,0.0,False,medium,22,0,,BAHRAICH
Uttar Pradesh,Firozabad,UTTAR_PRADESH__FIROZABAD,UTTAR PRADESH,FIROZABAD,True,True,0.3333,True,low,10,12,FIROZABADâ†’Firozabad,BAHRAICH; GHAZIPUR
Uttar Pradesh,Gautam Buddha Nagar,UTTAR_PRADESH__GAUTAM_BUDDHA_NAGAR,UTTAR PRADESH,GAUTAM BUDDHA NAGAR,True,False,,False,,22,0,,
Uttar Pradesh,Ghaziabad,UTTAR_PRADESH__GHAZIABAD,UTTAR PRADESH,GHAZIABAD,True,True,0.5,True,low,10,12,GHAZIABADâ†’Ghaziabad; MORADABADâ†’Moradabad,GHAZIPUR; SITAPUR
Uttar Pradesh,Ghazipur,UTTAR_PRADESH__GHAZIPUR,UTTAR PRADESH,GHAZIPUR,True,True,1.0,True,low,10,12,BUDAUNâ†’Budaun,
Uttar Pradesh,Ghosi,UTTAR_PRADESH__GHOSI,UTTAR PRADESH,GHOSI,True,True,0.5,True,low,10,12,RAE BARELIâ†’Rae Bareli,MAU
Uttar Pradesh,Gonda,UTTAR_PRADESH__GONDA,UTTAR PRADESH,GONDA,True,False,0.0,False,medium,22,0,,GONDA
Uttar Pradesh,Gorakhpur,UTTAR_PRADESH__GORAKHPUR,UTTAR PRADESH,GORAKHPUR,True,False,,False,,22,0,,
Uttar Pradesh,Hamirpur,UTTAR_PRADESH__HAMIRPUR,UTTAR PRADESH,HAMIRPUR,True,False,0.0,False,medium,22,0,,MAHOBA
Uttar Pradesh,Hardoi,UTTAR_PRADESH__HARDOI,UTTAR PRADESH,HARDOI,True,False,0.0,False,medium,22,0,,BALLIA; HARDOI
Uttar Pradesh,Hathras,UTTAR_PRADESH__HATHRAS,UTTAR PRADESH,HATHRAS,True,True,1.0,True,low,10,12,MAHAMAYA NAGARâ†’Mahamaya Nagar,
Uttar Pradesh,Jalaun,UTTAR_PRADESH__JALAUN,UTTAR PRADESH,JALAUN,True,False,,False,,22,0,,
Uttar Pradesh,Jaunpur,UTTAR_PRADESH__JAUNPUR,UTTAR PRADESH,JAUNPUR,True,False,,False,,22,0,,
Uttar Pradesh,Jhansi,UTTAR_PRADESH__JHANSI,UTTAR PRADESH,JHANSI,True,False,0.0,False,medium,22,0,,LALITPUR
Uttar Pradesh,Kairana,UTTAR_PRADESH__KAIRANA,UTTAR PRADESH,KAIRANA,True,True,0.2,True,low,10,12,AURAIYAâ†’Auraiya,SONBHADRA; GHAZIPUR
Uttar Pradesh,Kaiserganj,UTTAR_PRADESH__KAISERGANJ,UTTAR PRADESH,KAISERGANJ,True,False,0.0,False,medium,22,0,,BAHRAICH; GONDA
Uttar Pradesh,Kannauj,UTTAR_PRADESH__KANNAUJ,UTTAR PRADESH,KANNAUJ,True,False,,False,,22,0,,
Uttar Pradesh,Kanpur,UTTAR_PRADESH__KANPUR,UTTAR PRADESH,KANPUR,True,False,,False,,22,0,,
Uttar Pradesh,Kaushambi,UTTAR_PRADESH__KAUSHAMBI,UTTAR PRADESH,KAUSHAMBI,True,False,0.0,False,medium,22,0,,PRATAPGARH
Uttar Pradesh,Kheri,UTTAR_PRADESH__KHERI,UTTAR PRADESH,KHERI,True,False,0.0,False,medium,22,0,,HARDOI; KUSHI NAGAR
Uttar Pradesh,Kushi Nagar,UTTAR_PRADESH__KUSHI_NAGAR,UTTAR PRADESH,KUSHI NAGAR,True,False,,False,,22,0,,
Uttar Pradesh,Lalganj,UTTAR_PRADESH__LALGANJ,UTTAR PRADESH,LALGANJ,True,False,,False,,22,0,,
Uttar Pradesh,Lucknow,UTTAR_PRADESH__LUCKNOW,UTTAR PRADESH,LUCKNOW,True,False,0.0,False,medium,22,0,,DEORIA
Uttar Pradesh,Machhlishahr,UTTAR_PRADESH__MACHHLISHAHR,UTTAR PRADESH,MACHHLISHAHR,True,False,0.0,False,medium,22,0,,VARANASI
Uttar Pradesh,Maharajganj,UTTAR_PRADESH__MAHARAJGANJ,UTTAR PRADESH,MAHARAJGANJ,True,False,,False,,22,0,,
Uttar Pradesh,Mainpuri,UTTAR_PRADESH__MAINPURI,UTTAR PRADESH,MAINPURI,True,False,,False,,22,0,,
Uttar Pradesh,Mathura,UTTAR_PRADESH__MATHURA,UTTAR PRADESH,MATHURA,True,True,0.3333,True,low,10,12,MATHURAâ†’Mathura,AZAMGARH; GHAZIPUR
Uttar Pradesh,Meerut,UTTAR_PRADESH__MEERUT,UTTAR PRADESH,MEERUT,True,True,0.5,True,low,10,12,BULANDSHAHARâ†’Bulandshahr,MAU
Uttar Pradesh,Mirzapur,UTTAR_PRADESH__MIRZAPUR,UTTAR PRADESH,MIRZAPUR,True,False,0.0,False,medium,22,0,,AZAMGARH
Uttar Pradesh,Misrikh,UTTAR_PRADESH__MISRIKH,UTTAR PRADESH,MISRIKH,True,False,0.0,False,medium,22,0,,BAHRAICH; HARDOI
Uttar Pradesh,Mohanlalganj,UTTAR_PRADESH__MOHANLALGANJ,UTTAR PRADESH,MOHANLALGANJ,True,False,,False,,22,0,,
Uttar Pradesh,Moradabad,UTTAR_PRADESH__MORADABAD,UTTAR PRADESH,MORADABAD,True,True,0.5,True,low,10,12,RAMPURâ†’Rampur,PILIBHIT
Uttar Pradesh,Muzaffarnagar,UTTAR_PRADESH__MUZAFFARNAGAR,UTTAR PRADESH,MUZAFFARNAGAR,True,True,0.4,True,low,10,12,BULANDSHAHARâ†’Bulandshahr; SULTANPURâ†’Sultanpur,BALRAMPUR; PRATAPGARH; SHRAWASTI
Uttar Pradesh,Nagina,UTTAR_PRADESH__NAGINA,UTTAR PRADESH,NAGINA,True,True,0.2,True,low,10,12,BULANDSHAHARâ†’Bulandshahr,VARANASI; BAHRAICH; GORAKHPUR
Uttar Pradesh,Phulpur,UTTAR_PRADESH__PHULPUR,UTTAR PRADESH,PHULPUR,True,False,,False,,22,0,,
Uttar Pradesh,Pilibhit,UTTAR_PRADESH__PILIBHIT,UTTAR PRADESH,PILIBHIT,True,False,0.0,False,medium,22,0,,KUSHI NAGAR; PILIBHIT
Uttar Pradesh,Pratapgarh,UTTAR_PRADESH__PRATAPGARH,UTTAR PRADESH,PRATAPGARH,True,False,0.0,False,medium,22,0,,PRATAPGARH
Uttar Pradesh,Rae Bareli,UTTAR_PRADESH__RAE_BARELI,UTTAR PRADESH,RAE BARELI,True,False,,False,,22,0,,
Uttar Pradesh,Rampur,UTTAR_PRADESH__RAMPUR,UTTAR PRADESH,RAMPUR,True,True,0.5,True,low,10,12,GAUTAM BUDDHA NAGARâ†’Gautam Buddha Nagar; MATHURAâ†’Mathura,MAU; SHRAWASTI
Uttar Pradesh,Robertsganj,UTTAR_PRADESH__ROBERTSGANJ,UTTAR PRADESH,ROBERTSGANJ,True,False,0.0,False,medium,22,0,,SONBHADRA
Uttar Pradesh,Saharanpur,UTTAR_PRADESH__SAHARANPUR,UTTAR PRADESH,SAHARANPUR,True,False,0.0,False,medium,22,0,,BALLIA; PRATAPGARH; SONBHADRA; VARANASI
Uttar Pradesh,Salempur,UTTAR_PRADESH__SALEMPUR,UTTAR PRADESH,SALEMPUR,True,False,0.0,False,medium,22,0,,GHAZIPUR
Uttar Pradesh,Sambhal,UTTAR_PRADESH__SAMBHAL,UTTAR PRADESH,SAMBHAL,True,True,0.25,True,low,10,12,GAUTAM BUDDHA NAGARâ†’Gautam Buddha Nagar,ALLAHABAD; PRATAPGARH; SONBHADRA
Uttar Pradesh,Sant Kabir Nagar,UTTAR_PRADESH__SANT_KABIR_NAGAR,UTTAR PRADESH,SANT KABIR NAGAR,True,False,,False,,22,0,,
Uttar Pradesh,Shahjahanpur,UTTAR_PRADESH__SHAHJAHANPUR,UTTAR PRADESH,SHAHJAHANPUR,True,False,0.0,False,medium,22,0,,BALLIA
Uttar Pradesh,Shrawasti,UTTAR_PRADESH__SHRAWASTI,UTTAR PRADESH,SHRAWASTI,True,False,0.0,False,medium,22,0,,BALRAMPUR
Uttar Pradesh,Sitapur,UTTAR_PRADESH__SITAPUR,UTTAR PRADESH,SITAPUR,True,False,0.0,False,medium,22,0,,SITAPUR
Uttar Pradesh,Sultanpur,UTTAR_PRADESH__SULTANPUR,UTTAR PRADESH,SULTANPUR,True,True,0.6666,True,low,10,12,MORADABADâ†’Moradabad; SULTANPURâ†’Sultanpur,GORAKHPUR
Uttar Pradesh,Unnao,UTTAR_PRADESH__UNNAO,UTTAR PRADESH,UNNAO,True,True,0.5,True,low,10,12,UNNAOâ†’Unnao,DEORIA
Uttar Pradesh,Varanasi,UTTAR_PRADESH__VARANASI,UTTAR PRADESH,VARANASI,True,False,,False,,22,0,,
Uttarakhand,Almora,UTTARAKHAND__ALMORA,UTTARAKHAND,ALMORA,True,False,0.0,False,medium,22,0,,TEHRI GARHWAL; UTTARKASHI; ALMORA; BAGESHWAR
Uttarakhand,Garhwal,UTTARAKHAND__GARHWAL,UTTARAKHAND,GARHWAL,True,False,0.0,False,medium,22,0,,DEHRADUN; GARHWAL; UTTARKASHI; ALMORA; HARDWAR; NAINITAL; PITHORAGARH; UDHAMSINGH NAGAR
Uttarakhand,Haridwar,UTTARAKHAND__HARIDWAR,UTTARAKHAND,HARIDWAR,True,False,,False,,22,0,,
Uttarakhand,Nainital-Udhamsingh Nagar,UTTARAKHAND__NAINITAL-UDHAMSINGH_NAGAR,UTTARAKHAND,NAINITAL UDHAMSINGH NAGAR,True,False,,False,,22,0,,
Uttarakhand,Tehri Garhwal,UTTARAKHAND__TEHRI_GARHWAL,UTTARAKHAND,TEHRI GARHWAL,True,False,0.0,False,medium,22,0,,UDHAMSINGH NAGAR; ALMORA; BAGESHWAR; HARDWAR; PITHORAGARH
West Bengal,Alipurduars,WEST_BENGAL__ALIPURDUARS,WEST BENGAL,ALIPURDUARS,True,False,,False,,22,0,,
West Bengal,Arambag,WEST_BENGAL__ARAMBAG,WEST BENGAL,ARAMBAG,True,False,0.0,False,medium,22,0,,HOOGHLY
West Bengal,Asansol,WEST_BENGAL__ASANSOL,WEST BENGAL,ASANSOL,True,False,0.0,False,medium,22,0,,BARDHAMAN
West Bengal,Baharampur,WEST_BENGAL__BAHARAMPUR,WEST BENGAL,BAHARAMPUR,True,False,0.0,False,medium,22,0,,MURSHIDABAD
West Bengal,Balurghat,WEST_BENGAL__BALURGHAT,WEST BENGAL,BALURGHAT,True,False,0.0,False,medium,22,0,,DAKSHIN DINAJPUR; UTTAR DINAJPUR
West Bengal,Bangaon,WEST_BENGAL__BANGAON,WEST BENGAL,BANGAON,True,False,0.0,False,medium,22,0,,NORTH 24 PARGANAS; NADIA
West Bengal,Bankura,WEST_BENGAL__BANKURA,WEST BENGAL,BANKURA,True,False,0.0,False,medium,22,0,,BANKURA; PURULIA
West Bengal,Barasat,WEST_BENGAL__BARASAT,WEST BENGAL,BARASAT,True,False,0.0,False,medium,22,0,,NORTH 24 PARGANAS
West Bengal,Bardhaman Purba,WEST_BENGAL__BARDHAMAN_PURBA,WEST BENGAL,BARDHAMAN PURBA,True,False,,False,,22,0,,
West Bengal,Bardhaman-Durgapur,WEST_BENGAL__BARDHAMAN-DURGAPUR,WEST BENGAL,BARDHAMAN DURGAPUR,True,False,,False,,22,0,,
West Bengal,Barrackpur,WEST_BENGAL__BARRACKPUR,WEST BENGAL,BARRACKPUR,True,False,0.0,False,medium,22,0,,NORTH 24 PARGANAS
West Bengal,Basirhat,WEST_BENGAL__BASIRHAT,WEST BENGAL,BASIRHAT,True,False,0.0,False,medium,22,0,,NORTH 24 PARGANAS
West Bengal,Birbhum,WEST_BENGAL__BIRBHUM,WEST BENGAL,BIRBHUM,True,False,0.0,False,medium,22,0,,BIRBHUM
West Bengal,Bishnupur,WEST_BENGAL__BISHNUPUR,WEST BENGAL,BISHNUPUR,True,False,,False,,22,0,,
West Bengal,Bolpur,WEST_BENGAL__BOLPUR,WEST BENGAL,BOLPUR,True,False,0.0,False,medium,22,0,,BIRBHUM; BARDHAMAN
West Bengal,Coochbehar,WEST_BENGAL__COOCHBEHAR,WEST BENGAL,COOCHBEHAR,True,False,0.0,False,medium,22,0,,COOCHBEHAR; BANKURA; BARDHAMAN; NORTH 24 PARGANAS
West Bengal,Darjeeling,WEST_BENGAL__DARJEELING,WEST BENGAL,DARJEELING,True,False,0.0,False,medium,22,0,,DARJEELING; UTTAR DINAJPUR
West Bengal,Diamond harbour,WEST_BENGAL__DIAMOND_HARBOUR,WEST BENGAL,DIAMOND HARBOUR,True,False,,False,,22,0,,
West Bengal,Dum dum,WEST_BENGAL__DUM_DUM,WEST BENGAL,DUM DUM,True,False,0.0,False,medium,22,0,,NORTH 24 PARGANAS
West Bengal,Ghatal,WEST_BENGAL__GHATAL,WEST BENGAL,GHATAL,True,False,0.0,False,medium,22,0,,PASCHIM MEDINIPUR; PURBO MEDINIPUR
West Bengal,Hooghly,WEST_BENGAL__HOOGHLY,WEST BENGAL,HOOGHLY,True,False,0.0,False,medium,22,0,,HOOGHLY
West Bengal,Howrah,WEST_BENGAL__HOWRAH,WEST BENGAL,HOWRAH,True,False,0.0,False,medium,22,0,,HOWRAH
West Bengal,Jadavpur,WEST_BENGAL__JADAVPUR,WEST BENGAL,JADAVPUR,True,False,0.0,False,medium,22,0,,SOUTH 24 PARGANAS
West Bengal,Jalpaiguri,WEST_BENGAL__JALPAIGURI,WEST BENGAL,JALPAIGURI,True,False,0.0,False,medium,22,0,,JALPAIGURI; COOCHBEHAR
West Bengal,Jangipur,WEST_BENGAL__JANGIPUR,WEST BENGAL,JANGIPUR,True,False,0.0,False,medium,22,0,,MURSHIDABAD
West Bengal,Jaynagar,WEST_BENGAL__JAYNAGAR,WEST BENGAL,JAYNAGAR,True,False,0.0,False,medium,22,0,,SOUTH 24 PARGANAS
West Bengal,Jhargram,WEST_BENGAL__JHARGRAM,WEST BENGAL,JHARGRAM,True,False,0.0,False,medium,22,0,,PASCHIM MEDINIPUR; PURBO MEDINIPUR
West Bengal,Kanthi,WEST_BENGAL__KANTHI,WEST BENGAL,KANTHI,True,False,0.0,False,medium,22,0,,PURBO MEDINIPUR
West Bengal,Kolkata Dakshin,WEST_BENGAL__KOLKATA_DAKSHIN,WEST BENGAL,KOLKATA DAKSHIN,True,False,,False,,22,0,,
West Bengal,Kolkata Uttar,WEST_BENGAL__KOLKATA_UTTAR,WEST BENGAL,KOLKATA UTTAR,True,False,,False,,22,0,,
West Bengal,Krishnanagar,WEST_BENGAL__KRISHNANAGAR,WEST BENGAL,KRISHNANAGAR,True,False,,False,,22,0,,
West Bengal,Maldaha Dakshin,WEST_BENGAL__MALDAHA_DAKSHIN,WEST BENGAL,MALDAHA DAKSHIN,True,False,,False,,22,0,,
West Bengal,Maldaha Uttar,WEST_BENGAL__MALDAHA_UTTAR,WEST BENGAL,MALDAHA UTTAR,True,False,,False,,22,0,,
West Bengal,Mathurapur,WEST_BENGAL__MATHURAPUR,WEST BENGAL,MATHURAPUR,True,False,0.0,False,medium,22,0,,SOUTH 24 PARGANAS
West Bengal,Medinipur,WEST_BENGAL__MEDINIPUR,WEST BENGAL,MEDINIPUR,True,False,,False,,22,0,,
West Bengal,Murshidabad,WEST_BENGAL__MURSHIDABAD,WEST BENGAL,MURSHIDABAD,True,False,0.0,False,medium,22,0,,MURSHIDABAD; NADIA
West Bengal,Purulia,WEST_BENGAL__PURULIA,WEST BENGAL,PURULIA,True,False,0.0,False,medium,22,0,,PURULIA
West Bengal,Raiganj,WEST_BENGAL__RAIGANJ,WEST BENGAL,RAIGANJ,True,False,0.0,False,medium,22,0,,UTTAR DINAJPUR
West Bengal,Ranaghat,WEST_BENGAL__RANAGHAT,WEST BENGAL,RANAGHAT,True,False,0.0,False,medium,22,0,,NADIA
West Bengal,Sreerampur,WEST_BENGAL__SREERAMPUR,WEST BENGAL,SREERAMPUR,True,False,0.0,False,medium,22,0,,HOOGHLY; HOWRAH
West Bengal,Tamluk,WEST_BENGAL__TAMLUK,WEST BENGAL,TAMLUK,True,False,0.0,False,medium,22,0,,PURBO MEDINIPUR
West Bengal,Uluberia,WEST_BENGAL__ULUBERIA,WEST BENGAL,ULUBERIA,True,False,0.0,False,medium,22,0,,HOWRAH
