state,constituency,state_key,constituency_key,canonical_seat_key,in_platform_master,in_frontend_constituencies,in_geojson,in_delimitation_reference,demographic_source_type,data_quality_label,completion_category,election_result_status,notes
Andaman & Nicobar Islands,Andaman & Nicobar Islands,ANDAMAN & NICOBAR ISLANDS,ANDAMAN NICOBAR ISLANDS,ANDAMAN AND NICOBAR ISLANDS::ANDAMAN NICOBAR ISLANDS,True,True,False,False,election_only,election_only,election_only_needs_demographics,contested,
Andhra Pradesh,Amalapuram,ANDHRA PRADESH,AMALAPURAM,ANDHRA PRADESH::AMALAPURAM,True,True,True,True,election_only,election_only,election_only_needs_demographics,contested,
Andhra Pradesh,Anakapalle,ANDHRA PRADESH,ANAKAPALLE,ANDHRA PRADESH::ANAKAPALLE,True,True,False,True,generated,high,partial_demographics_missing_core_fields,contested,
Andhra Pradesh,Ananthapur,ANDHRA PRADESH,ANANTHAPUR,ANDHRA PRADESH::ANANTHAPUR,True,True,False,True,election_only,election_only,election_only_needs_demographics,contested,
Andhra Pradesh,Araku,ANDHRA PRADESH,ARAKU,ANDHRA PRADESH::ARAKU,True,True,True,True,generated,high,partial_demographics_missing_core_fields,contested,
Andhra Pradesh,Bapatla,ANDHRA PRADESH,BAPATLA,ANDHRA PRADESH::BAPATLA,True,True,True,True,generated,high,partial_demographics_missing_core_fields,contested,
Andhra Pradesh,Chittoor,ANDHRA PRADESH,CHITTOOR,ANDHRA PRADESH::CHITTOOR,True,True,True,True,generated,high,partial_demographics_missing_core_fields,contested,
Andhra Pradesh,Eluru,ANDHRA PRADESH,ELURU,ANDHRA PRADESH::ELURU,True,True,True,True,generated,high,partial_demographics_missing_core_fields,contested,
Andhra Pradesh,Guntur,ANDHRA PRADESH,GUNTUR,ANDHRA PRADESH::GUNTUR,True,True,True,True,generated,high,partial_demographics_missing_core_fields,contested,
Andhra Pradesh,Hindupur,ANDHRA PRADESH,HINDUPUR,ANDHRA PRADESH::HINDUPUR,True,True,True,True,generated,high,partial_demographics_missing_core_fields,contested,
Andhra Pradesh,Kadapa,ANDHRA PRADESH,KADAPA,ANDHRA PRADESH::KADAPA,True,True,True,True,election_only,election_only,election_only_needs_demographics,contested,
Andhra Pradesh,Kakinada,ANDHRA PRADESH,KAKINADA,ANDHRA PRADESH::KAKINADA,True,True,True,True,generated,high,partial_demographics_missing_core_fields,contested,
Andhra Pradesh,Kurnoolu,ANDHRA PRADESH,KURNOOLU,ANDHRA PRADESH::KURNOOLU,True,True,False,True,election_only,election_only,election_only_needs_demographics,contested,
Andhra Pradesh,Machilipatnam,ANDHRA PRADESH,MACHILIPATNAM,ANDHRA PRADESH::MACHILIPATNAM,True,True,True,True,generated,high,partial_demographics_missing_core_fields,contested,
Andhra Pradesh,Nandyal,ANDHRA PRADESH,NANDYAL,ANDHRA PRADESH::NANDYAL,True,True,True,True,generated,high,partial_demographics_missing_core_fields,contested,
Andhra Pradesh,Narsapuram,ANDHRA PRADESH,NARSAPURAM,ANDHRA PRADESH::NARSAPURAM,True,True,True,True,generated,high,partial_demographics_missing_core_fields,contested,
Andhra Pradesh,Narsaraopet,ANDHRA PRADESH,NARASARAOPET,ANDHRA PRADESH::NARASARAOPET,False,True,True,True,election_only,election_only,election_only_needs_demographics,contested,
Andhra Pradesh,Nellore,ANDHRA PRADESH,NELLORE,ANDHRA PRADESH::NELLORE,True,True,True,True,generated,low,partial_demographics_missing_core_fields,contested,
Andhra Pradesh,Ongole,ANDHRA PRADESH,ONGOLE,ANDHRA PRADESH::ONGOLE,True,True,True,True,generated,high,partial_demographics_missing_core_fields,contested,
Andhra Pradesh,Rajahmundry,ANDHRA PRADESH,RAJAHMUNDRY,ANDHRA PRADESH::RAJAHMUNDRY,True,True,True,True,generated,high,partial_demographics_missing_core_fields,contested,
Andhra Pradesh,Rajampet,ANDHRA PRADESH,RAJAMPET,ANDHRA PRADESH::RAJAMPET,True,True,True,True,generated,medium,partial_demographics_missing_core_fields,contested,
Andhra Pradesh,Srikakulam,ANDHRA PRADESH,SRIKAKULAM,ANDHRA PRADESH::SRIKAKULAM,True,True,True,True,generated,high,partial_demographics_missing_core_fields,contested,
Andhra Pradesh,Thirupathi,ANDHRA PRADESH,TIRUPATI,ANDHRA PRADESH::TIRUPATI,False,True,True,True,election_only,election_only,election_only_needs_demographics,contested,
Andhra Pradesh,Vijayawada,ANDHRA PRADESH,VIJAYAWADA,ANDHRA PRADESH::VIJAYAWADA,True,True,True,True,generated,high,partial_demographics_missing_core_fields,contested,
Andhra Pradesh,Visakhapatnam,ANDHRA PRADESH,VISAKHAPATNAM,ANDHRA PRADESH::VISAKHAPATNAM,True,True,True,True,generated,high,partial_demographics_missing_core_fields,contested,
Andhra Pradesh,Vizianagaram,ANDHRA PRADESH,VIZIANAGARAM,ANDHRA PRADESH::VIZIANAGARAM,True,True,True,True,generated,high,partial_demographics_missing_core_fields,contested,
Arunachal Pradesh,Arunachal East,ARUNACHAL PRADESH,ARUNACHAL EAST,ARUNACHAL PRADESH::ARUNACHAL EAST,True,True,True,False,election_only,election_only,election_only_needs_demographics,contested,
Arunachal Pradesh,Arunachal West,ARUNACHAL PRADESH,ARUNACHAL WEST,ARUNACHAL PRADESH::ARUNACHAL WEST,True,True,True,True,generated,high,partial_demographics_missing_core_fields,contested,
Assam,Barpeta,ASSAM,BARPETA,ASSAM::BARPETA,True,True,True,True,generated,high,partial_demographics_missing_core_fields,contested,
Assam,Darrang-Udalguri,ASSAM,DARRANG UDALGURI,ASSAM::DARRANG UDALGURI,True,True,False,True,election_only,election_only,election_only_needs_demographics,contested,
Assam,Dhubri,ASSAM,DHUBRI,ASSAM::DHUBRI,True,True,True,True,generated,high,partial_demographics_missing_core_fields,contested,
Assam,Dibrugarh,ASSAM,DIBRUGARH,ASSAM::DIBRUGARH,True,True,True,True,generated,high,partial_demographics_missing_core_fields,contested,
Assam,Diphu,ASSAM,DIPHU,ASSAM::DIPHU,True,True,False,False,election_only,election_only,election_only_needs_demographics,contested,
Assam,Guwahati,ASSAM,GUWAHATI,ASSAM::GUWAHATI,True,True,False,True,election_only,election_only,election_only_needs_demographics,contested,
Assam,Jorhat,ASSAM,JORHAT,ASSAM::JORHAT,True,True,True,True,generated,high,partial_demographics_missing_core_fields,contested,
Assam,Karimganj,ASSAM,KARIMGANJ,ASSAM::KARIMGANJ,True,True,True,True,generated,high,partial_demographics_missing_core_fields,contested,
Assam,Kaziranga,ASSAM,KAZIRANGA,ASSAM::KAZIRANGA,True,True,False,True,election_only,election_only,election_only_needs_demographics,contested,
Assam,Kokrajhar,ASSAM,KOKRAJHAR,ASSAM::KOKRAJHAR,True,True,True,True,generated,high,partial_demographics_missing_core_fields,contested,
Assam,Lakhimpur,ASSAM,LAKHIMPUR,ASSAM::LAKHIMPUR,True,True,True,True,generated,high,partial_demographics_missing_core_fields,contested,
Assam,Nagaon,ASSAM,NAGAON,ASSAM::NAGAON,True,True,False,False,election_only,election_only,election_only_needs_demographics,contested,
Assam,Silchar,ASSAM,SILCHAR,ASSAM::SILCHAR,True,True,True,True,generated,high,partial_demographics_missing_core_fields,contested,
Assam,Sonitpur,ASSAM,SONITPUR,ASSAM::SONITPUR,True,True,False,True,election_only,election_only,election_only_needs_demographics,contested,
Bihar,Araria,BIHAR,ARARIA,BIHAR::ARARIA,True,True,True,True,generated,high,partial_demographics_missing_core_fields,contested,
Bihar,Arrah,BIHAR,ARRAH,BIHAR::ARRAH,True,True,True,True,generated,high,partial_demographics_missing_core_fields,contested,
Bihar,Aurangabad,BIHAR,AURANGABAD,BIHAR::AURANGABAD,True,True,True,True,generated,high,partial_demographics_missing_core_fields,contested,
Bihar,Banka,BIHAR,BANKA,BIHAR::BANKA,True,True,True,True,generated,high,partial_demographics_missing_core_fields,contested,
Bihar,Begusarai,BIHAR,BEGUSARAI,BIHAR::BEGUSARAI,True,True,True,True,generated,high,partial_demographics_missing_core_fields,contested,
Bihar,Bhagalpur,BIHAR,BHAGALPUR,BIHAR::BHAGALPUR,True,True,True,True,generated,high,partial_demographics_missing_core_fields,contested,
Bihar,Buxar,BIHAR,BUXAR,BIHAR::BUXAR,True,True,True,True,generated,high,partial_demographics_missing_core_fields,contested,
Bihar,Darbhanga,BIHAR,DARBHANGA,BIHAR::DARBHANGA,True,True,True,True,generated,high,partial_demographics_missing_core_fields,contested,
Bihar,Gaya,BIHAR,GAYA,BIHAR::GAYA,True,True,True,True,generated,high,partial_demographics_missing_core_fields,contested,
Bihar,Gopalganj,BIHAR,GOPALGANJ,BIHAR::GOPALGANJ,True,True,True,True,election_only,election_only,election_only_needs_demographics,contested,
Bihar,Hajipur,BIHAR,HAJIPUR,BIHAR::HAJIPUR,True,True,True,True,generated,high,partial_demographics_missing_core_fields,contested,
Bihar,Jahanabad,BIHAR,JAHANABAD,BIHAR::JAHANABAD,True,True,True,True,generated,high,partial_demographics_missing_core_fields,contested,
Bihar,Jamui,BIHAR,JAMUI,BIHAR::JAMUI,True,True,True,True,generated,high,partial_demographics_missing_core_fields,contested,
Bihar,Jhanjharpur,BIHAR,JHANJHARPUR,BIHAR::JHANJHARPUR,True,True,True,True,generated,high,partial_demographics_missing_core_fields,contested,
Bihar,Karakat,BIHAR,KARAKAT,BIHAR::KARAKAT,True,True,True,True,generated,high,partial_demographics_missing_core_fields,contested,
Bihar,Katihar,BIHAR,KATIHAR,BIHAR::KATIHAR,True,True,True,True,generated,high,partial_demographics_missing_core_fields,contested,
Bihar,Khagaria,BIHAR,KHAGARIA,BIHAR::KHAGARIA,True,True,True,True,generated,high,partial_demographics_missing_core_fields,contested,
Bihar,Kishanganj,BIHAR,KISHANGANJ,BIHAR::KISHANGANJ,True,True,True,True,generated,high,partial_demographics_missing_core_fields,contested,
Bihar,Madhepura,BIHAR,MADHEPURA,BIHAR::MADHEPURA,True,True,True,True,generated,high,partial_demographics_missing_core_fields,contested,
Bihar,Madhubani,BIHAR,MADHUBANI,BIHAR::MADHUBANI,True,True,True,True,generated,high,partial_demographics_missing_core_fields,contested,
Bihar,Maharajganj,BIHAR,MAHARAJGANJ,BIHAR::MAHARAJGANJ,True,True,True,True,generated,high,partial_demographics_missing_core_fields,contested,
Bihar,Munger,BIHAR,MUNGER,BIHAR::MUNGER,True,True,True,True,generated,high,partial_demographics_missing_core_fields,contested,
Bihar,Muzaffarpur,BIHAR,MUZAFFARPUR,BIHAR::MUZAFFARPUR,True,True,True,True,generated,high,partial_demographics_missing_core_fields,contested,
Bihar,Nalanda,BIHAR,NALANDA,BIHAR::NALANDA,True,True,True,True,generated,high,partial_demographics_missing_core_fields,contested,
Bihar,Nawada,BIHAR,NAWADA,BIHAR::NAWADA,True,True,True,True,generated,high,partial_demographics_missing_core_fields,contested,
Bihar,Paschim Champaran,BIHAR,PASCHIM CHAMPARAN,BIHAR::PASCHIM CHAMPARAN,True,True,True,True,generated,high,partial_demographics_missing_core_fields,contested,
Bihar,Patliputra,BIHAR,PATLIPUTRA,BIHAR::PATLIPUTRA,True,True,False,True,election_only,election_only,election_only_needs_demographics,contested,
Bihar,Patna Sahib,BIHAR,PATNA SAHIB,BIHAR::PATNA SAHIB,True,True,True,True,generated,high,partial_demographics_missing_core_fields,contested,
Bihar,Purnia,BIHAR,PURNIA,BIHAR::PURNIA,True,True,True,True,generated,high,partial_demographics_missing_core_fields,contested,
Bihar,Purvi Champaran,BIHAR,PURVI CHAMPARAN,BIHAR::PURVI CHAMPARAN,True,True,True,True,generated,high,partial_demographics_missing_core_fields,contested,
Bihar,Samastipur,BIHAR,SAMASTIPUR,BIHAR::SAMASTIPUR,True,True,True,False,election_only,election_only,election_only_needs_demographics,contested,
Bihar,Saran,BIHAR,SARAN,BIHAR::SARAN,True,True,True,True,generated,high,partial_demographics_missing_core_fields,contested,
Bihar,Sasaram,BIHAR,SASARAM,BIHAR::SASARAM,True,True,True,True,generated,high,partial_demographics_missing_core_fields,contested,
Bihar,Sheohar,BIHAR,SHEOHAR,BIHAR::SHEOHAR,True,True,True,True,generated,high,partial_demographics_missing_core_fields,contested,
Bihar,Sitamarhi,BIHAR,SITAMARHI,BIHAR::SITAMARHI,True,True,True,True,generated,high,partial_demographics_missing_core_fields,contested,
Bihar,Siwan,BIHAR,SIWAN,BIHAR::SIWAN,True,True,True,True,generated,high,partial_demographics_missing_core_fields,contested,
Bihar,Supaul,BIHAR,SUPAUL,BIHAR::SUPAUL,True,True,True,True,generated,high,partial_demographics_missing_core_fields,contested,
Bihar,Ujiarpur,BIHAR,UJIARPUR,BIHAR::UJIARPUR,True,True,True,True,generated,high,partial_demographics_missing_core_fields,contested,
Bihar,Vaishali,BIHAR,VAISHALI,BIHAR::VAISHALI,True,True,True,True,generated,high,partial_demographics_missing_core_fields,contested,
Bihar,Valmiki Nagar,BIHAR,VALMIKI NAGAR,BIHAR::VALMIKI NAGAR,True,True,True,True,generated,high,partial_demographics_missing_core_fields,contested,
Chandigarh,Chandigarh,CHANDIGARH,CHANDIGARH,CHANDIGARH::CHANDIGARH,True,True,True,False,election_only,election_only,election_only_needs_demographics,contested,
Chhattisgarh,BASTAR,CHHATTISGARH,BASTAR,CHHATTISGARH::BASTAR,True,True,True,True,generated,high,partial_demographics_missing_core_fields,contested,
Chhattisgarh,BILASPUR,CHHATTISGARH,BILASPUR,CHHATTISGARH::BILASPUR,True,True,True,True,generated,high,partial_demographics_missing_core_fields,contested,
Chhattisgarh,DURG,CHHATTISGARH,DURG,CHHATTISGARH::DURG,True,True,True,True,generated,high,partial_demographics_missing_core_fields,contested,
Chhattisgarh,JANJGIR-CHAMPA,CHHATTISGARH,JANJGIR CHAMPA,CHHATTISGARH::JANJGIR CHAMPA,True,True,False,False,election_only,election_only,election_only_needs_demographics,contested,
Chhattisgarh,KANKER,CHHATTISGARH,KANKER,CHHATTISGARH::KANKER,True,True,True,True,generated,high,partial_demographics_missing_core_fields,contested,
Chhattisgarh,KORBA,CHHATTISGARH,KORBA,CHHATTISGARH::KORBA,True,True,True,True,generated,medium,partial_demographics_missing_core_fields,contested,
Chhattisgarh,MAHASAMUND,CHHATTISGARH,MAHASAMUND,CHHATTISGARH::MAHASAMUND,True,True,True,True,generated,high,partial_demographics_missing_core_fields,contested,
Chhattisgarh,RAIGARH,CHHATTISGARH,RAIGARH,CHHATTISGARH::RAIGARH,True,True,True,True,generated,high,partial_demographics_missing_core_fields,contested,
Chhattisgarh,RAIPUR,CHHATTISGARH,RAIPUR,CHHATTISGARH::RAIPUR,True,True,True,True,generated,high,partial_demographics_missing_core_fields,contested,
Chhattisgarh,RAJNANDGAON,CHHATTISGARH,RAJNANDGAON,CHHATTISGARH::RAJNANDGAON,True,True,True,True,generated,high,partial_demographics_missing_core_fields,contested,
Chhattisgarh,SURGUJA,CHHATTISGARH,SURGUJA,CHHATTISGARH::SURGUJA,True,True,True,True,generated,high,partial_demographics_missing_core_fields,contested,
Dadra & Nagar Haveli and Daman & Diu,Dadar & Nagar Haveli,DADRA AND NAGAR HAVELI AND DAMAN AND DIU,DADAR NAGAR HAVELI,DADRA AND NAGAR HAVELI AND DAMAN AND DIU::DADAR NAGAR HAVELI,True,True,False,False,election_only,election_only,election_only_needs_demographics,contested,
Dadra & Nagar Haveli and Daman & Diu,Daman & Diu,DADRA AND NAGAR HAVELI AND DAMAN AND DIU,DAMAN DIU,DADRA AND NAGAR HAVELI AND DAMAN AND DIU::DAMAN DIU,True,True,False,False,election_only,election_only,election_only_needs_demographics,contested,
Goa,North Goa,GOA,NORTH GOA,GOA::NORTH GOA,True,True,True,True,generated,high,partial_demographics_missing_core_fields,contested,
Goa,South Goa,GOA,SOUTH GOA,GOA::SOUTH GOA,True,True,True,True,generated,high,partial_demographics_missing_core_fields,contested,
Gujarat,Ahmedabad East,GUJARAT,AHMEDABAD EAST,GUJARAT::AHMEDABAD EAST,True,True,True,True,generated,high,partial_demographics_missing_core_fields,contested,
Gujarat,Ahmedabad West,GUJARAT,AHMEDABAD WEST,GUJARAT::AHMEDABAD WEST,True,True,True,False,election_only,election_only,election_only_needs_demographics,contested,
Gujarat,Amreli,GUJARAT,AMRELI,GUJARAT::AMRELI,True,True,True,True,generated,high,partial_demographics_missing_core_fields,contested,
Gujarat,Anand,GUJARAT,ANAND,GUJARAT::ANAND,True,True,True,True,generated,high,partial_demographics_missing_core_fields,contested,
Gujarat,Banaskantha,GUJARAT,BANASKANTHA,GUJARAT::BANASKANTHA,True,True,True,True,generated,high,partial_demographics_missing_core_fields,contested,
Gujarat,Bardoli,GUJARAT,BARDOLI,GUJARAT::BARDOLI,True,True,True,True,election_only,election_only,election_only_needs_demographics,contested,
Gujarat,Bharuch,GUJARAT,BHARUCH,GUJARAT::BHARUCH,True,True,True,True,generated,low,partial_demographics_missing_core_fields,contested,
Gujarat,Bhavnagar,GUJARAT,BHAVNAGAR,GUJARAT::BHAVNAGAR,True,True,True,True,generated,high,partial_demographics_missing_core_fields,contested,
Gujarat,Chhota Udaipur,GUJARAT,CHHOTA UDAIPUR,GUJARAT::CHHOTA UDAIPUR,True,True,True,False,election_only,election_only,election_only_needs_demographics,contested,
Gujarat,Dahod,GUJARAT,DAHOD,GUJARAT::DAHOD,True,True,True,True,generated,high,partial_demographics_missing_core_fields,contested,
Gujarat,Gandhinagar,GUJARAT,GANDHINAGAR,GUJARAT::GANDHINAGAR,True,True,True,True,generated,high,partial_demographics_missing_core_fields,contested,
Gujarat,Jamnagar,GUJARAT,JAMNAGAR,GUJARAT::JAMNAGAR,True,True,True,True,generated,high,partial_demographics_missing_core_fields,contested,
Gujarat,Junagadh,GUJARAT,JUNAGADH,GUJARAT::JUNAGADH,True,True,True,True,generated,high,partial_demographics_missing_core_fields,contested,
Gujarat,Kachchh,GUJARAT,KACHCHH,GUJARAT::KACHCHH,True,True,True,True,generated,high,partial_demographics_missing_core_fields,contested,
Gujarat,Kheda,GUJARAT,KHEDA,GUJARAT::KHEDA,True,True,True,True,generated,high,partial_demographics_missing_core_fields,contested,
Gujarat,Mahesana,GUJARAT,MAHESANA,GUJARAT::MAHESANA,True,True,True,True,generated,high,partial_demographics_missing_core_fields,contested,
Gujarat,Navsari,GUJARAT,NAVSARI,GUJARAT::NAVSARI,True,True,True,True,election_only,election_only,election_only_needs_demographics,contested,
Gujarat,Panchmahal,GUJARAT,PANCHMAHAL,GUJARAT::PANCHMAHAL,True,True,True,True,generated,high,partial_demographics_missing_core_fields,contested,
Gujarat,Patan,GUJARAT,PATAN,GUJARAT::PATAN,True,True,True,True,generated,high,partial_demographics_missing_core_fields,contested,
Gujarat,Porbandar,GUJARAT,PORBANDAR,GUJARAT::PORBANDAR,True,True,True,True,generated,high,partial_demographics_missing_core_fields,contested,
Gujarat,Rajkot,GUJARAT,RAJKOT,GUJARAT::RAJKOT,True,True,True,True,generated,high,partial_demographics_missing_core_fields,contested,
Gujarat,Sabarkantha,GUJARAT,SABARKANTHA,GUJARAT::SABARKANTHA,True,True,True,True,generated,high,partial_demographics_missing_core_fields,contested,
Gujarat,Surendranagar,GUJARAT,SURENDRANAGAR,GUJARAT::SURENDRANAGAR,True,True,True,True,generated,high,partial_demographics_missing_core_fields,contested,
Gujarat,Vadodara,GUJARAT,VADODARA,GUJARAT::VADODARA,True,True,True,True,generated,high,partial_demographics_missing_core_fields,contested,
Gujarat,Valsad,GUJARAT,VALSAD,GUJARAT::VALSAD,True,True,True,True,generated,low,partial_demographics_missing_core_fields,contested,
Haryana,AMBALA,HARYANA,AMBALA,HARYANA::AMBALA,True,True,True,True,generated,high,partial_demographics_missing_core_fields,contested,
Haryana,BHIWANI-MAHENDRAGARH,HARYANA,BHIWANI MAHENDRAGARH,HARYANA::BHIWANI MAHENDRAGARH,True,True,True,False,election_only,election_only,election_only_needs_demographics,contested,
Haryana,FARIDABAD,HARYANA,FARIDABAD,HARYANA::FARIDABAD,True,True,True,True,generated,low,partial_demographics_missing_core_fields,contested,
Haryana,GURGAON,HARYANA,GURGAON,HARYANA::GURGAON,True,True,True,True,election_only,election_only,election_only_needs_demographics,contested,
Haryana,HISAR,HARYANA,HISAR,HARYANA::HISAR,True,True,True,True,generated,high,partial_demographics_missing_core_fields,contested,
Haryana,KARNAL,HARYANA,KARNAL,HARYANA::KARNAL,True,True,True,True,generated,high,partial_demographics_missing_core_fields,contested,
Haryana,KURUKSHETRA,HARYANA,KURUKSHETRA,HARYANA::KURUKSHETRA,True,True,True,True,generated,high,partial_demographics_missing_core_fields,contested,
Haryana,ROHTAK,HARYANA,ROHTAK,HARYANA::ROHTAK,True,True,True,True,generated,high,partial_demographics_missing_core_fields,contested,
Haryana,SIRSA,HARYANA,SIRSA,HARYANA::SIRSA,True,True,True,True,generated,high,partial_demographics_missing_core_fields,contested,
Haryana,SONIPAT,HARYANA,SONIPAT,HARYANA::SONIPAT,True,True,True,True,generated,high,partial_demographics_missing_core_fields,contested,
Himachal Pradesh,HAMIRPUR,HIMACHAL PRADESH,HAMIRPUR,HIMACHAL PRADESH::HAMIRPUR,True,True,True,True,generated,high,partial_demographics_missing_core_fields,contested,
Himachal Pradesh,KANGRA,HIMACHAL PRADESH,KANGRA,HIMACHAL PRADESH::KANGRA,True,True,True,True,generated,high,partial_demographics_missing_core_fields,contested,
Himachal Pradesh,MANDI,HIMACHAL PRADESH,MANDI,HIMACHAL PRADESH::MANDI,True,True,True,True,generated,high,partial_demographics_missing_core_fields,contested,
Himachal Pradesh,SHIMLA,HIMACHAL PRADESH,SHIMLA,HIMACHAL PRADESH::SHIMLA,True,True,True,False,election_only,election_only,election_only_needs_demographics,contested,
Jammu and Kashmir,ANANTNAG-RAJOURI,JAMMU AND KASHMIR,ANANTNAG RAJOURI,JAMMU AND KASHMIR::ANANTNAG RAJOURI,True,True,False,False,election_only,election_only,election_only_needs_demographics,contested,
Jammu and Kashmir,BARAMULLA,JAMMU AND KASHMIR,BARAMULLA,JAMMU AND KASHMIR::BARAMULLA,True,True,True,False,election_only,election_only,election_only_needs_demographics,contested,
Jammu and Kashmir,JAMMU,JAMMU AND KASHMIR,JAMMU,JAMMU AND KASHMIR::JAMMU,True,True,True,False,election_only,election_only,election_only_needs_demographics,contested,
Jammu and Kashmir,SRINAGAR,JAMMU AND KASHMIR,SRINAGAR,JAMMU AND KASHMIR::SRINAGAR,True,True,True,False,election_only,election_only,election_only_needs_demographics,contested,
Jammu and Kashmir,UDHAMPUR,JAMMU AND KASHMIR,UDHAMPUR,JAMMU AND KASHMIR::UDHAMPUR,True,True,True,False,election_only,election_only,election_only_needs_demographics,contested,
Jharkhand,Chatra,JHARKHAND,CHATRA,JHARKHAND::CHATRA,True,True,True,True,generated,high,partial_demographics_missing_core_fields,contested,
Jharkhand,Dhanbad,JHARKHAND,DHANBAD,JHARKHAND::DHANBAD,True,True,True,True,generated,high,partial_demographics_missing_core_fields,contested,
Jharkhand,Dumka,JHARKHAND,DUMKA,JHARKHAND::DUMKA,True,True,True,True,generated,low,partial_demographics_missing_core_fields,contested,
Jharkhand,Giridih,JHARKHAND,GIRIDIH,JHARKHAND::GIRIDIH,True,True,True,True,generated,high,partial_demographics_missing_core_fields,contested,
Jharkhand,Godda,JHARKHAND,GODDA,JHARKHAND::GODDA,True,True,True,True,generated,low,partial_demographics_missing_core_fields,contested,
Jharkhand,Hazaribagh,JHARKHAND,HAZARIBAGH,JHARKHAND::HAZARIBAGH,True,True,True,True,election_only,election_only,election_only_needs_demographics,contested,
Jharkhand,Jamshedpur,JHARKHAND,JAMSHEDPUR,JHARKHAND::JAMSHEDPUR,True,True,True,True,generated,high,partial_demographics_missing_core_fields,contested,
Jharkhand,Khunti,JHARKHAND,KHUNTI,JHARKHAND::KHUNTI,True,True,True,True,generated,medium,partial_demographics_missing_core_fields,contested,
Jharkhand,Kodarma,JHARKHAND,KODARMA,JHARKHAND::KODARMA,True,True,True,True,generated,high,partial_demographics_missing_core_fields,contested,
Jharkhand,Lohardaga,JHARKHAND,LOHARDAGA,JHARKHAND::LOHARDAGA,True,True,True,False,election_only,election_only,election_only_needs_demographics,contested,
Jharkhand,Palamu,JHARKHAND,PALAMU,JHARKHAND::PALAMU,True,True,True,True,generated,high,partial_demographics_missing_core_fields,contested,
Jharkhand,Rajmahal,JHARKHAND,RAJMAHAL,JHARKHAND::RAJMAHAL,True,True,True,True,generated,high,partial_demographics_missing_core_fields,contested,
Jharkhand,Ranchi,JHARKHAND,RANCHI,JHARKHAND::RANCHI,True,True,True,True,generated,high,partial_demographics_missing_core_fields,contested,
Jharkhand,Singhbhum,JHARKHAND,SINGHBHUM,JHARKHAND::SINGHBHUM,True,True,True,False,election_only,election_only,election_only_needs_demographics,contested,
Karnataka,Bagalkot,KARNATAKA,BAGALKOT,KARNATAKA::BAGALKOT,True,True,True,True,generated,high,partial_demographics_missing_core_fields,contested,
Karnataka,Bangalore North,KARNATAKA,BANGALORE NORTH,KARNATAKA::BANGALORE NORTH,True,True,True,True,generated,high,partial_demographics_missing_core_fields,contested,
Karnataka,Bangalore Rural,KARNATAKA,BANGALORE RURAL,KARNATAKA::BANGALORE RURAL,True,True,True,True,generated,high,partial_demographics_missing_core_fields,contested,
Karnataka,Bangalore South,KARNATAKA,BANGALORE SOUTH,KARNATAKA::BANGALORE SOUTH,True,True,True,True,generated,high,partial_demographics_missing_core_fields,contested,
Karnataka,Bangalore central,KARNATAKA,BANGALORE CENTRAL,KARNATAKA::BANGALORE CENTRAL,True,True,True,False,election_only,election_only,election_only_needs_demographics,contested,
Karnataka,Belgaum,KARNATAKA,BELGAUM,KARNATAKA::BELGAUM,True,True,False,True,generated,high,partial_demographics_missing_core_fields,contested,
Karnataka,Bellary,KARNATAKA,BELLARY,KARNATAKA::BELLARY,True,True,True,True,generated,high,partial_demographics_missing_core_fields,contested,
Karnataka,Bidar,KARNATAKA,BIDAR,KARNATAKA::BIDAR,True,True,True,True,generated,high,partial_demographics_missing_core_fields,contested,
Karnataka,Bijapur,KARNATAKA,BIJAPUR,KARNATAKA::BIJAPUR,True,True,True,True,generated,high,partial_demographics_missing_core_fields,contested,
Karnataka,Chamarajanagar,KARNATAKA,CHAMARAJANAGAR,KARNATAKA::CHAMARAJANAGAR,True,True,True,False,election_only,election_only,election_only_needs_demographics,contested,
Karnataka,Chikkballapur,KARNATAKA,CHIKKBALLAPUR,KARNATAKA::CHIKKBALLAPUR,True,True,False,True,generated,high,partial_demographics_missing_core_fields,contested,
Karnataka,Chikkodi,KARNATAKA,CHIKKODI,KARNATAKA::CHIKKODI,True,True,False,True,generated,high,partial_demographics_missing_core_fields,contested,
Karnataka,Chitradurga,KARNATAKA,CHITRADURGA,KARNATAKA::CHITRADURGA,True,True,True,True,generated,high,partial_demographics_missing_core_fields,contested,
Karnataka,Dakshina Kannada,KARNATAKA,DAKSHINA KANNADA,KARNATAKA::DAKSHINA KANNADA,True,True,True,False,election_only,election_only,election_only_needs_demographics,contested,
Karnataka,Davanagere,KARNATAKA,DAVANAGERE,KARNATAKA::DAVANAGERE,True,True,False,True,generated,high,partial_demographics_missing_core_fields,contested,
Karnataka,Dharwad,KARNATAKA,DHARWAD,KARNATAKA::DHARWAD,True,True,True,True,generated,high,partial_demographics_missing_core_fields,contested,
Karnataka,Gulbarga,KARNATAKA,GULBARGA,KARNATAKA::GULBARGA,True,True,True,True,generated,high,partial_demographics_missing_core_fields,contested,
Karnataka,Hassan,KARNATAKA,HASSAN,KARNATAKA::HASSAN,True,True,False,True,generated,high,partial_demographics_missing_core_fields,contested,
Karnataka,Haveri,KARNATAKA,HAVERI,KARNATAKA::HAVERI,True,True,True,True,generated,high,partial_demographics_missing_core_fields,contested,
Karnataka,Kolar,KARNATAKA,KOLAR,KARNATAKA::KOLAR,True,True,True,True,generated,high,partial_demographics_missing_core_fields,contested,
Karnataka,Koppal,KARNATAKA,KOPPAL,KARNATAKA::KOPPAL,True,True,True,True,generated,high,partial_demographics_missing_core_fields,contested,
Karnataka,Mandya,KARNATAKA,MANDYA,KARNATAKA::MANDYA,True,True,True,True,generated,high,partial_demographics_missing_core_fields,contested,
Karnataka,Mysore,KARNATAKA,MYSORE,KARNATAKA::MYSORE,True,True,True,True,generated,high,partial_demographics_missing_core_fields,contested,
Karnataka,Raichur,KARNATAKA,RAICHUR,KARNATAKA::RAICHUR,True,True,True,True,generated,high,partial_demographics_missing_core_fields,contested,
Karnataka,Shimoga,KARNATAKA,SHIMOGA,KARNATAKA::SHIMOGA,True,True,True,True,generated,high,partial_demographics_missing_core_fields,contested,
Karnataka,Tumkur,KARNATAKA,TUMKUR,KARNATAKA::TUMKUR,True,True,True,True,generated,high,partial_demographics_missing_core_fields,contested,
Karnataka,Udupi Chikmagalur,KARNATAKA,UDUPI CHIKMAGALUR,KARNATAKA::UDUPI CHIKMAGALUR,True,True,True,False,election_only,election_only,election_only_needs_demographics,contested,
Karnataka,Uttara Kannada,KARNATAKA,UTTARA KANNADA,KARNATAKA::UTTARA KANNADA,True,True,True,True,generated,high,partial_demographics_missing_core_fields,contested,
Kerala,Alappuzha,KERALA,ALAPPUZHA,KERALA::ALAPPUZHA,True,True,True,True,generated,high,partial_demographics_missing_core_fields,contested,
Kerala,Alathur,KERALA,ALATHUR,KERALA::ALATHUR,True,True,True,True,generated,high,partial_demographics_missing_core_fields,contested,
Kerala,Attingal,KERALA,ATTINGAL,KERALA::ATTINGAL,True,True,True,True,generated,high,partial_demographics_missing_core_fields,contested,
Kerala,Chalakudy,KERALA,CHALAKUDY,KERALA::CHALAKUDY,True,True,True,True,generated,high,partial_demographics_missing_core_fields,contested,
Kerala,Ernakulam,KERALA,ERNAKULAM,KERALA::ERNAKULAM,True,True,True,True,generated,high,partial_demographics_missing_core_fields,contested,
Kerala,Idukki,KERALA,IDUKKI,KERALA::IDUKKI,True,True,True,True,generated,high,partial_demographics_missing_core_fields,contested,
Kerala,Kannur,KERALA,KANNUR,KERALA::KANNUR,True,True,True,False,election_only,election_only,election_only_needs_demographics,contested,
Kerala,Kasaragod,KERALA,KASARAGOD,KERALA::KASARAGOD,True,True,True,True,generated,high,partial_demographics_missing_core_fields,contested,
Kerala,Kollam,KERALA,KOLLAM,KERALA::KOLLAM,True,True,True,True,generated,high,partial_demographics_missing_core_fields,contested,
Kerala,Kottayam,KERALA,KOTTAYAM,KERALA::KOTTAYAM,True,True,True,True,generated,high,partial_demographics_missing_core_fields,contested,
Kerala,Kozhikode,KERALA,KOZHIKODE,KERALA::KOZHIKODE,True,True,True,True,generated,high,partial_demographics_missing_core_fields,contested,
Kerala,Malappuram,KERALA,MALAPPURAM,KERALA::MALAPPURAM,True,True,True,True,generated,high,partial_demographics_missing_core_fields,contested,
Kerala,Mavelikkara,KERALA,MAVELIKKARA,KERALA::MAVELIKKARA,True,True,False,True,generated,high,partial_demographics_missing_core_fields,contested,
Kerala,Palakkad,KERALA,PALAKKAD,KERALA::PALAKKAD,True,True,True,True,generated,high,partial_demographics_missing_core_fields,contested,
Kerala,Pathanamthitta,KERALA,PATHANAMTHITTA,KERALA::PATHANAMTHITTA,True,True,True,True,generated,high,partial_demographics_missing_core_fields,contested,
Kerala,Ponnani,KERALA,PONNANI,KERALA::PONNANI,True,True,True,True,generated,high,partial_demographics_missing_core_fields,contested,
Kerala,Thiruvananthapuram,KERALA,THIRUVANANTHAPURAM,KERALA::THIRUVANANTHAPURAM,True,True,True,False,election_only,election_only,election_only_needs_demographics,contested,
Kerala,Thrissur,KERALA,THRISSUR,KERALA::THRISSUR,True,True,True,True,generated,high,partial_demographics_missing_core_fields,contested,
Kerala,Vadakara,KERALA,VADAKARA,KERALA::VADAKARA,True,True,True,True,generated,high,partial_demographics_missing_core_fields,contested,
Kerala,Wayanad,KERALA,WAYANAD,KERALA::WAYANAD,True,True,True,False,election_only,election_only,election_only_needs_demographics,contested,
Ladakh,Ladakh,LADAKH,LADAKH,LADAKH::LADAKH,True,True,False,False,election_only,election_only,election_only_needs_demographics,contested,
Lakshadweep,Lakshadweep,LAKSHADWEEP,LAKSHADWEEP,LAKSHADWEEP::LAKSHADWEEP,True,True,True,False,election_only,election_only,election_only_needs_demographics,contested,
Madhya Pradesh,BALAGHAT,MADHYA PRADESH,BALAGHAT,MADHYA PRADESH::BALAGHAT,True,True,True,True,generated,high,partial_demographics_missing_core_fields,contested,
Madhya Pradesh,BETUL,MADHYA PRADESH,BETUL,MADHYA PRADESH::BETUL,True,True,True,True,generated,high,partial_demographics_missing_core_fields,contested,
Madhya Pradesh,BHIND,MADHYA PRADESH,BHIND,MADHYA PRADESH::BHIND,True,True,True,True,generated,high,partial_demographics_missing_core_fields,contested,
Madhya Pradesh,BHOPAL,MADHYA PRADESH,BHOPAL,MADHYA PRADESH::BHOPAL,True,True,True,True,generated,high,partial_demographics_missing_core_fields,contested,
Madhya Pradesh,CHHINDWARA,MADHYA PRADESH,CHHINDWARA,MADHYA PRADESH::CHHINDWARA,True,True,True,True,generated,high,partial_demographics_missing_core_fields,contested,
Madhya Pradesh,DAMOH,MADHYA PRADESH,DAMOH,MADHYA PRADESH::DAMOH,True,True,True,True,generated,high,partial_demographics_missing_core_fields,contested,
Madhya Pradesh,DEWAS,MADHYA PRADESH,DEWAS,MADHYA PRADESH::DEWAS,True,True,True,True,generated,high,partial_demographics_missing_core_fields,contested,
Madhya Pradesh,DHAR,MADHYA PRADESH,DHAR,MADHYA PRADESH::DHAR,True,True,True,True,generated,high,partial_demographics_missing_core_fields,contested,
Madhya Pradesh,GUNA,MADHYA PRADESH,GUNA,MADHYA PRADESH::GUNA,True,True,True,True,generated,high,partial_demographics_missing_core_fields,contested,
Madhya Pradesh,GWALIOR,MADHYA PRADESH,GWALIOR,MADHYA PRADESH::GWALIOR,True,True,True,True,generated,high,partial_demographics_missing_core_fields,contested,
Madhya Pradesh,HOSHANGABAD,MADHYA PRADESH,HOSHANGABAD,MADHYA PRADESH::HOSHANGABAD,True,True,True,False,election_only,election_only,election_only_needs_demographics,contested,
Madhya Pradesh,INDORE,MADHYA PRADESH,INDORE,MADHYA PRADESH::INDORE,True,True,True,True,generated,high,partial_demographics_missing_core_fields,contested,
Madhya Pradesh,JABALPUR,MADHYA PRADESH,JABALPUR,MADHYA PRADESH::JABALPUR,True,True,True,True,generated,high,partial_demographics_missing_core_fields,contested,
Madhya Pradesh,KHAJURAHO,MADHYA PRADESH,KHAJURAHO,MADHYA PRADESH::KHAJURAHO,True,True,True,True,generated,high,partial_demographics_missing_core_fields,contested,
Madhya Pradesh,KHANDWA,MADHYA PRADESH,KHANDWA,MADHYA PRADESH::KHANDWA,True,True,True,True,generated,high,partial_demographics_missing_core_fields,contested,
Madhya Pradesh,KHARGONE,MADHYA PRADESH,KHARGONE,MADHYA PRADESH::KHARGONE,True,True,True,True,election_only,election_only,election_only_needs_demographics,contested,
Madhya Pradesh,MANDLA,MADHYA PRADESH,MANDLA,MADHYA PRADESH::MANDLA,True,True,True,True,generated,high,partial_demographics_missing_core_fields,contested,
Madhya Pradesh,MANDSOUR,MADHYA PRADESH,MANDSOUR,MADHYA PRADESH::MANDSOUR,True,True,False,True,generated,high,partial_demographics_missing_core_fields,contested,
Madhya Pradesh,MORENA,MADHYA PRADESH,MORENA,MADHYA PRADESH::MORENA,True,True,True,True,generated,high,partial_demographics_missing_core_fields,contested,
Madhya Pradesh,RAJGARH,MADHYA PRADESH,RAJGARH,MADHYA PRADESH::RAJGARH,True,True,True,True,generated,high,partial_demographics_missing_core_fields,contested,
Madhya Pradesh,RATLAM,MADHYA PRADESH,RATLAM,MADHYA PRADESH::RATLAM,True,True,True,True,generated,high,partial_demographics_missing_core_fields,contested,
Madhya Pradesh,REWA,MADHYA PRADESH,REWA,MADHYA PRADESH::REWA,True,True,True,True,generated,high,partial_demographics_missing_core_fields,contested,
Madhya Pradesh,SAGAR,MADHYA PRADESH,SAGAR,MADHYA PRADESH::SAGAR,True,True,True,True,generated,high,partial_demographics_missing_core_fields,contested,
Madhya Pradesh,SATNA,MADHYA PRADESH,SATNA,MADHYA PRADESH::SATNA,True,True,True,True,generated,high,partial_demographics_missing_core_fields,contested,
Madhya Pradesh,SHAHDOL,MADHYA PRADESH,SHAHDOL,MADHYA PRADESH::SHAHDOL,True,True,True,True,generated,high,partial_demographics_missing_core_fields,contested,
Madhya Pradesh,SIDHI,MADHYA PRADESH,SIDHI,MADHYA PRADESH::SIDHI,True,True,True,True,generated,high,partial_demographics_missing_core_fields,contested,
Madhya Pradesh,TIKAMGARH,MADHYA PRADESH,TIKAMGARH,MADHYA PRADESH::TIKAMGARH,True,True,True,True,generated,high,partial_demographics_missing_core_fields,contested,
Madhya Pradesh,UJJAIN,MADHYA PRADESH,UJJAIN,MADHYA PRADESH::UJJAIN,True,True,True,True,generated,high,partial_demographics_missing_core_fields,contested,
Madhya Pradesh,VIDISHA,MADHYA PRADESH,VIDISHA,MADHYA PRADESH::VIDISHA,True,True,True,True,generated,high,partial_demographics_missing_core_fields,contested,
Maharashtra,Ahmednagar,MAHARASHTRA,AHMEDNAGAR,MAHARASHTRA::AHMEDNAGAR,True,True,True,False,election_only,election_only,election_only_needs_demographics,contested,
Maharashtra,Akola,MAHARASHTRA,AKOLA,MAHARASHTRA::AKOLA,True,True,True,False,election_only,election_only,election_only_needs_demographics,contested,
Maharashtra,Amravati,MAHARASHTRA,AMRAVATI,MAHARASHTRA::AMRAVATI,True,True,True,False,election_only,election_only,election_only_needs_demographics,contested,
Maharashtra,Aurangabad,MAHARASHTRA,AURANGABAD,MAHARASHTRA::AURANGABAD,True,True,True,False,election_only,election_only,election_only_needs_demographics,contested,
Maharashtra,Baramati,MAHARASHTRA,BARAMATI,MAHARASHTRA::BARAMATI,True,True,True,False,election_only,election_only,election_only_needs_demographics,contested,
Maharashtra,Beed,MAHARASHTRA,BEED,MAHARASHTRA::BEED,True,True,True,True,generated,high,partial_demographics_missing_core_fields,contested,
Maharashtra,Bhandara Gondiya,MAHARASHTRA,BHANDARA GONDIYA,MAHARASHTRA::BHANDARA GONDIYA,True,True,True,False,election_only,election_only,election_only_needs_demographics,contested,
Maharashtra,Bhiwandi,MAHARASHTRA,BHIWANDI,MAHARASHTRA::BHIWANDI,True,True,True,False,election_only,election_only,election_only_needs_demographics,contested,
Maharashtra,Buldhana,MAHARASHTRA,BULDHANA,MAHARASHTRA::BULDHANA,True,True,True,True,generated,high,partial_demographics_missing_core_fields,contested,
Maharashtra,Chandrapur,MAHARASHTRA,CHANDRAPUR,MAHARASHTRA::CHANDRAPUR,True,True,True,True,generated,high,partial_demographics_missing_core_fields,contested,
Maharashtra,Dhule,MAHARASHTRA,DHULE,MAHARASHTRA::DHULE,True,True,True,False,election_only,election_only,election_only_needs_demographics,contested,
Maharashtra,Dindori,MAHARASHTRA,DINDORI,MAHARASHTRA::DINDORI,True,True,True,False,election_only,election_only,election_only_needs_demographics,contested,
Maharashtra,Gadchiroli - Chimur,MAHARASHTRA,GADCHIROLI CHIMUR,MAHARASHTRA::GADCHIROLI CHIMUR,True,True,True,False,election_only,election_only,election_only_needs_demographics,contested,
Maharashtra,Hatkanangale,MAHARASHTRA,HATKANANGALE,MAHARASHTRA::HATKANANGALE,True,True,False,False,election_only,election_only,election_only_needs_demographics,contested,
Maharashtra,Hingoli,MAHARASHTRA,HINGOLI,MAHARASHTRA::HINGOLI,True,True,True,True,generated,high,partial_demographics_missing_core_fields,contested,
Maharashtra,Jalgaon,MAHARASHTRA,JALGAON,MAHARASHTRA::JALGAON,True,True,True,False,election_only,election_only,election_only_needs_demographics,contested,
Maharashtra,Jalna,MAHARASHTRA,JALNA,MAHARASHTRA::JALNA,True,True,True,False,election_only,election_only,election_only_needs_demographics,contested,
Maharashtra,Kalyan,MAHARASHTRA,KALYAN,MAHARASHTRA::KALYAN,True,True,True,False,election_only,election_only,election_only_needs_demographics,contested,
Maharashtra,Kolhapur,MAHARASHTRA,KOLHAPUR,MAHARASHTRA::KOLHAPUR,True,True,True,False,election_only,election_only,election_only_needs_demographics,contested,
Maharashtra,Latur,MAHARASHTRA,LATUR,MAHARASHTRA::LATUR,True,True,True,True,generated,high,partial_demographics_missing_core_fields,contested,
Maharashtra,Madha,MAHARASHTRA,MADHA,MAHARASHTRA::MADHA,True,True,True,False,election_only,election_only,election_only_needs_demographics,contested,
Maharashtra,Maval,MAHARASHTRA,MAVAL,MAHARASHTRA::MAVAL,True,True,True,False,election_only,election_only,election_only_needs_demographics,contested,
Maharashtra,Mumbai North,MAHARASHTRA,MUMBAI NORTH,MAHARASHTRA::MUMBAI NORTH,True,True,True,False,election_only,election_only,election_only_needs_demographics,contested,
Maharashtra,Mumbai North Central,MAHARASHTRA,MUMBAI NORTH CENTRAL,MAHARASHTRA::MUMBAI NORTH CENTRAL,True,True,True,False,election_only,election_only,election_only_needs_demographics,contested,
Maharashtra,Mumbai North East,MAHARASHTRA,MUMBAI NORTH EAST,MAHARASHTRA::MUMBAI NORTH EAST,True,True,True,False,election_only,election_only,election_only_needs_demographics,contested,
Maharashtra,Mumbai North West,MAHARASHTRA,MUMBAI NORTH WEST,MAHARASHTRA::MUMBAI NORTH WEST,True,True,True,True,generated,high,partial_demographics_missing_core_fields,contested,
Maharashtra,Mumbai South,MAHARASHTRA,MUMBAI SOUTH,MAHARASHTRA::MUMBAI SOUTH,True,True,True,True,generated,high,partial_demographics_missing_core_fields,contested,
Maharashtra,Mumbai South Central,MAHARASHTRA,MUMBAI SOUTH CENTRAL,MAHARASHTRA::MUMBAI SOUTH CENTRAL,True,True,False,True,generated,high,partial_demographics_missing_core_fields,contested,
Maharashtra,Nagpur,MAHARASHTRA,NAGPUR,MAHARASHTRA::NAGPUR,True,True,True,False,election_only,election_only,election_only_needs_demographics,contested,
Maharashtra,Nanded,MAHARASHTRA,NANDED,MAHARASHTRA::NANDED,True,True,True,True,generated,high,partial_demographics_missing_core_fields,contested,
Maharashtra,Nandurbar,MAHARASHTRA,NANDURBAR,MAHARASHTRA::NANDURBAR,True,True,True,False,election_only,election_only,election_only_needs_demographics,contested,
Maharashtra,Nashik,MAHARASHTRA,NASHIK,MAHARASHTRA::NASHIK,True,True,True,False,election_only,election_only,election_only_needs_demographics,contested,
Maharashtra,Osmanabad,MAHARASHTRA,OSMANABAD,MAHARASHTRA::OSMANABAD,True,True,True,False,election_only,election_only,election_only_needs_demographics,contested,
Maharashtra,Palghar,MAHARASHTRA,PALGHAR,MAHARASHTRA::PALGHAR,True,True,True,True,generated,high,partial_demographics_missing_core_fields,contested,
Maharashtra,Parbhani,MAHARASHTRA,PARBHANI,MAHARASHTRA::PARBHANI,True,True,True,True,generated,high,partial_demographics_missing_core_fields,contested,
Maharashtra,Pune,MAHARASHTRA,PUNE,MAHARASHTRA::PUNE,True,True,True,False,election_only,election_only,election_only_needs_demographics,contested,
Maharashtra,Raigad,MAHARASHTRA,RAIGAD,MAHARASHTRA::RAIGAD,True,True,True,False,election_only,election_only,election_only_needs_demographics,contested,
Maharashtra,Ramtek,MAHARASHTRA,RAMTEK,MAHARASHTRA::RAMTEK,True,True,True,False,election_only,election_only,election_only_needs_demographics,contested,
Maharashtra,Ratnagiri- Sindhudurg,MAHARASHTRA,RATNAGIRI SINDHUDURG,MAHARASHTRA::RATNAGIRI SINDHUDURG,True,True,True,False,election_only,election_only,election_only_needs_demographics,contested,
Maharashtra,Raver,MAHARASHTRA,RAVER,MAHARASHTRA::RAVER,True,True,True,True,generated,high,partial_demographics_missing_core_fields,contested,
Maharashtra,Sangli,MAHARASHTRA,SANGLI,MAHARASHTRA::SANGLI,True,True,True,False,election_only,election_only,election_only_needs_demographics,contested,
Maharashtra,Satara,MAHARASHTRA,SATARA,MAHARASHTRA::SATARA,True,True,True,True,generated,high,partial_demographics_missing_core_fields,contested,
Maharashtra,Shirdi,MAHARASHTRA,SHIRDI,MAHARASHTRA::SHIRDI,True,True,True,False,election_only,election_only,election_only_needs_demographics,contested,
Maharashtra,Shirur,MAHARASHTRA,SHIRUR,MAHARASHTRA::SHIRUR,True,True,True,False,election_only,election_only,election_only_needs_demographics,contested,
Maharashtra,Solapur,MAHARASHTRA,SOLAPUR,MAHARASHTRA::SOLAPUR,True,True,True,False,election_only,election_only,election_only_needs_demographics,contested,
Maharashtra,Thane,MAHARASHTRA,THANE,MAHARASHTRA::THANE,True,True,True,True,generated,high,partial_demographics_missing_core_fields,contested,
Maharashtra,Wardha,MAHARASHTRA,WARDHA,MAHARASHTRA::WARDHA,True,True,True,False,election_only,election_only,election_only_needs_demographics,contested,
Maharashtra,Yavatmal- Washim,MAHARASHTRA,YAVATMAL WASHIM,MAHARASHTRA::YAVATMAL WASHIM,True,True,True,False,election_only,election_only,election_only_needs_demographics,contested,
Manipur,Inner Manipur,MANIPUR,INNER MANIPUR,MANIPUR::INNER MANIPUR,True,True,True,False,election_only,election_only,election_only_needs_demographics,contested,
Manipur,Outer Manipur,MANIPUR,OUTER MANIPUR,MANIPUR::OUTER MANIPUR,True,True,True,False,election_only,election_only,election_only_needs_demographics,contested,
Meghalaya,Shillong,MEGHALAYA,SHILLONG,MEGHALAYA::SHILLONG,True,True,True,True,generated,high,partial_demographics_missing_core_fields,contested,
Meghalaya,Tura,MEGHALAYA,TURA,MEGHALAYA::TURA,True,True,True,True,generated,high,partial_demographics_missing_core_fields,contested,
Mizoram,MIZORAM,MIZORAM,MIZORAM,MIZORAM::MIZORAM,True,True,True,False,election_only,election_only,election_only_needs_demographics,contested,
NCT OF Delhi,Chandni Chowk,NCT OF DELHI,CHANDNI CHOWK,NCT OF DELHI::CHANDNI CHOWK,True,True,True,True,election_only,election_only,election_only_needs_demographics,contested,
NCT OF Delhi,East Delhi,NCT OF DELHI,EAST DELHI,NCT OF DELHI::EAST DELHI,True,True,True,True,election_only,election_only,election_only_needs_demographics,contested,
NCT OF Delhi,New Delhi,NCT OF DELHI,NEW DELHI,NCT OF DELHI::NEW DELHI,True,True,True,True,election_only,election_only,election_only_needs_demographics,contested,
NCT OF Delhi,North-East Delhi,NCT OF DELHI,NORTH EAST DELHI,NCT OF DELHI::NORTH EAST DELHI,True,True,True,True,election_only,election_only,election_only_needs_demographics,contested,
NCT OF Delhi,North-West Delhi,NCT OF DELHI,NORTH WEST DELHI,NCT OF DELHI::NORTH WEST DELHI,True,True,True,False,election_only,election_only,election_only_needs_demographics,contested,
NCT OF Delhi,South Delhi,NCT OF DELHI,SOUTH DELHI,NCT OF DELHI::SOUTH DELHI,True,True,True,True,election_only,election_only,election_only_needs_demographics,contested,
NCT OF Delhi,West Delhi,NCT OF DELHI,WEST DELHI,NCT OF DELHI::WEST DELHI,True,True,True,True,election_only,election_only,election_only_needs_demographics,contested,
Nagaland,Nagaland,NAGALAND,NAGALAND,NAGALAND::NAGALAND,True,True,True,False,election_only,election_only,election_only_needs_demographics,contested,
Odisha,Aska,ODISHA,ASKA,ODISHA::ASKA,True,True,True,True,election_only,election_only,election_only_needs_demographics,contested,
Odisha,Balasore,ODISHA,BALASORE,ODISHA::BALASORE,True,True,True,True,election_only,election_only,election_only_needs_demographics,contested,
Odisha,Bargarh,ODISHA,BARGARH,ODISHA::BARGARH,True,True,True,True,election_only,election_only,election_only_needs_demographics,contested,
Odisha,Berhampur,ODISHA,BERHAMPUR,ODISHA::BERHAMPUR,True,True,True,True,election_only,election_only,election_only_needs_demographics,contested,
Odisha,Bhadrak,ODISHA,BHADRAK,ODISHA::BHADRAK,True,True,True,True,election_only,election_only,election_only_needs_demographics,contested,
Odisha,Bhubaneswar,ODISHA,BHUBANESWAR,ODISHA::BHUBANESWAR,True,True,True,True,election_only,election_only,election_only_needs_demographics,contested,
Odisha,Bolangir,ODISHA,BOLANGIR,ODISHA::BOLANGIR,True,True,True,True,election_only,election_only,election_only_needs_demographics,contested,
Odisha,Cuttack,ODISHA,CUTTACK,ODISHA::CUTTACK,True,True,True,True,election_only,election_only,election_only_needs_demographics,contested,
Odisha,Dhenkanal,ODISHA,DHENKANAL,ODISHA::DHENKANAL,True,True,True,True,election_only,election_only,election_only_needs_demographics,contested,
Odisha,Jagatsinghpur,ODISHA,JAGATSINGHPUR,ODISHA::JAGATSINGHPUR,True,True,True,True,election_only,election_only,election_only_needs_demographics,contested,
Odisha,Jajpur,ODISHA,JAJPUR,ODISHA::JAJPUR,True,True,True,True,election_only,election_only,election_only_needs_demographics,contested,
Odisha,Kalahandi,ODISHA,KALAHANDI,ODISHA::KALAHANDI,True,True,True,True,election_only,election_only,election_only_needs_demographics,contested,
Odisha,Kandhamal,ODISHA,KANDHAMAL,ODISHA::KANDHAMAL,True,True,True,True,election_only,election_only,election_only_needs_demographics,contested,
Odisha,Kendrapara,ODISHA,KENDRAPARA,ODISHA::KENDRAPARA,True,True,True,True,election_only,election_only,election_only_needs_demographics,contested,
Odisha,Keonjhar,ODISHA,KEONJHAR,ODISHA::KEONJHAR,True,True,True,True,election_only,election_only,election_only_needs_demographics,contested,
Odisha,Koraput,ODISHA,KORAPUT,ODISHA::KORAPUT,True,True,True,True,election_only,election_only,election_only_needs_demographics,contested,
Odisha,Mayurbhanj,ODISHA,MAYURBHANJ,ODISHA::MAYURBHANJ,True,True,True,True,election_only,election_only,election_only_needs_demographics,contested,
Odisha,Nabarangpur,ODISHA,NABARANGPUR,ODISHA::NABARANGPUR,True,True,True,False,election_only,election_only,election_only_needs_demographics,contested,
Odisha,Puri,ODISHA,PURI,ODISHA::PURI,True,True,True,True,election_only,election_only,election_only_needs_demographics,contested,
Odisha,Sambalpur,ODISHA,SAMBALPUR,ODISHA::SAMBALPUR,True,True,True,True,election_only,election_only,election_only_needs_demographics,contested,
Odisha,Sundargarh,ODISHA,SUNDARGARH,ODISHA::SUNDARGARH,True,True,True,True,election_only,election_only,election_only_needs_demographics,contested,
Puducherry,PUDUCHERRY,PUDUCHERRY,PUDUCHERRY,PUDUCHERRY::PUDUCHERRY,True,True,True,False,election_only,election_only,election_only_needs_demographics,contested,
Punjab,Amritsar,PUNJAB,AMRITSAR,PUNJAB::AMRITSAR,True,True,True,True,election_only,election_only,election_only_needs_demographics,contested,
Punjab,Anandpur Sahib,PUNJAB,ANANDPUR SAHIB,PUNJAB::ANANDPUR SAHIB,True,True,True,True,generated,medium,partial_demographics_missing_core_fields,contested,
Punjab,Bathinda,PUNJAB,BATHINDA,PUNJAB::BATHINDA,True,True,True,True,generated,high,partial_demographics_missing_core_fields,contested,
Punjab,Faridkot,PUNJAB,FARIDKOT,PUNJAB::FARIDKOT,True,True,True,True,generated,high,partial_demographics_missing_core_fields,contested,
Punjab,Fatehgarh Sahib,PUNJAB,FATEHGARH SAHIB,PUNJAB::FATEHGARH SAHIB,True,True,True,True,generated,high,partial_demographics_missing_core_fields,contested,
Punjab,Firozpur,PUNJAB,FIROZPUR,PUNJAB::FIROZPUR,True,True,False,True,generated,high,partial_demographics_missing_core_fields,contested,
Punjab,Gurdaspur,PUNJAB,GURDASPUR,PUNJAB::GURDASPUR,True,True,True,True,generated,high,partial_demographics_missing_core_fields,contested,
Punjab,Hoshiarpur,PUNJAB,HOSHIARPUR,PUNJAB::HOSHIARPUR,True,True,True,True,generated,high,partial_demographics_missing_core_fields,contested,
Punjab,Jalandhar,PUNJAB,JALANDHAR,PUNJAB::JALANDHAR,True,True,True,True,generated,high,partial_demographics_missing_core_fields,contested,
Punjab,Khadoor Sahib,PUNJAB,KHADOOR SAHIB,PUNJAB::KHADOOR SAHIB,True,True,True,True,generated,low,partial_demographics_missing_core_fields,contested,
Punjab,Ludhiana,PUNJAB,LUDHIANA,PUNJAB::LUDHIANA,True,True,True,True,generated,high,partial_demographics_missing_core_fields,contested,
Punjab,Patiala,PUNJAB,PATIALA,PUNJAB::PATIALA,True,True,True,True,election_only,election_only,election_only_needs_demographics,contested,
Punjab,Sangrur,PUNJAB,SANGRUR,PUNJAB::SANGRUR,True,True,True,True,generated,high,partial_demographics_missing_core_fields,contested,
Rajasthan,AJMER,RAJASTHAN,AJMER,RAJASTHAN::AJMER,True,True,True,False,election_only,election_only,election_only_needs_demographics,contested,
Rajasthan,ALWAR,RAJASTHAN,ALWAR,RAJASTHAN::ALWAR,True,True,True,True,generated,high,partial_demographics_missing_core_fields,contested,
Rajasthan,BANSWARA,RAJASTHAN,BANSWARA,RAJASTHAN::BANSWARA,True,True,True,True,generated,high,partial_demographics_missing_core_fields,contested,
Rajasthan,BARMER,RAJASTHAN,BARMER,RAJASTHAN::BARMER,True,True,True,False,election_only,election_only,election_only_needs_demographics,contested,
Rajasthan,BHARATPUR,RAJASTHAN,BHARATPUR,RAJASTHAN::BHARATPUR,True,True,True,False,election_only,election_only,election_only_needs_demographics,contested,
Rajasthan,BHILWARA,RAJASTHAN,BHILWARA,RAJASTHAN::BHILWARA,True,True,True,True,generated,high,partial_demographics_missing_core_fields,contested,
Rajasthan,BIKANER,RAJASTHAN,BIKANER,RAJASTHAN::BIKANER,True,True,True,True,generated,high,partial_demographics_missing_core_fields,contested,
Rajasthan,CHITTORGARH,RAJASTHAN,CHITTORGARH,RAJASTHAN::CHITTORGARH,True,True,True,True,generated,high,partial_demographics_missing_core_fields,contested,
Rajasthan,CHURU,RAJASTHAN,CHURU,RAJASTHAN::CHURU,True,True,True,True,generated,high,partial_demographics_missing_core_fields,contested,
Rajasthan,DAUSA,RAJASTHAN,DAUSA,RAJASTHAN::DAUSA,True,True,True,False,election_only,election_only,election_only_needs_demographics,contested,
Rajasthan,GANGANAGAR,RAJASTHAN,GANGANAGAR,RAJASTHAN::GANGANAGAR,True,True,True,True,generated,high,partial_demographics_missing_core_fields,contested,
Rajasthan,JAIPUR,RAJASTHAN,JAIPUR,RAJASTHAN::JAIPUR,True,True,True,False,election_only,election_only,election_only_needs_demographics,contested,
Rajasthan,JAIPUR RURAL,RAJASTHAN,JAIPUR RURAL,RAJASTHAN::JAIPUR RURAL,True,True,True,False,election_only,election_only,election_only_needs_demographics,contested,
Rajasthan,JALORE,RAJASTHAN,JALORE,RAJASTHAN::JALORE,True,True,True,False,election_only,election_only,election_only_needs_demographics,contested,
Rajasthan,JHALAWAR-BARAN,RAJASTHAN,JHALAWAR BARAN,RAJASTHAN::JHALAWAR BARAN,True,True,True,False,election_only,election_only,election_only_needs_demographics,contested,
Rajasthan,JHUNJHUNU,RAJASTHAN,JHUNJHUNU,RAJASTHAN::JHUNJHUNU,True,True,True,False,election_only,election_only,election_only_needs_demographics,contested,
Rajasthan,JODHPUR,RAJASTHAN,JODHPUR,RAJASTHAN::JODHPUR,True,True,True,False,election_only,election_only,election_only_needs_demographics,contested,
Rajasthan,KARAULI-DHOLPUR,RAJASTHAN,KARAULI DHOLPUR,RAJASTHAN::KARAULI DHOLPUR,True,True,True,False,election_only,election_only,election_only_needs_demographics,contested,
Rajasthan,KOTA,RAJASTHAN,KOTA,RAJASTHAN::KOTA,True,True,True,True,generated,high,partial_demographics_missing_core_fields,contested,
Rajasthan,NAGAUR,RAJASTHAN,NAGAUR,RAJASTHAN::NAGAUR,True,True,True,False,election_only,election_only,election_only_needs_demographics,contested,
Rajasthan,PALI,RAJASTHAN,PALI,RAJASTHAN::PALI,True,True,True,True,generated,high,partial_demographics_missing_core_fields,contested,
Rajasthan,RAJSAMAND,RAJASTHAN,RAJSAMAND,RAJASTHAN::RAJSAMAND,True,True,True,True,generated,high,partial_demographics_missing_core_fields,contested,
Rajasthan,SIKAR,RAJASTHAN,SIKAR,RAJASTHAN::SIKAR,True,True,True,True,generated,high,partial_demographics_missing_core_fields,contested,
Rajasthan,TONK-SAWAI MADHOPUR,RAJASTHAN,TONK SAWAI MADHOPUR,RAJASTHAN::TONK SAWAI MADHOPUR,True,True,True,False,election_only,election_only,election_only_needs_demographics,contested,
Rajasthan,UDAIPUR,RAJASTHAN,UDAIPUR,RAJASTHAN::UDAIPUR,True,True,True,False,election_only,election_only,election_only_needs_demographics,contested,
Sikkim,Sikkim,SIKKIM,SIKKIM,SIKKIM::SIKKIM,True,True,True,False,election_only,election_only,election_only_needs_demographics,contested,
Tamil Nadu,ARAKKONAM,TAMIL NADU,ARAKKONAM,TAMIL NADU::ARAKKONAM,True,True,True,True,generated,high,partial_demographics_missing_core_fields,contested,
Tamil Nadu,ARANI,TAMIL NADU,ARANI,TAMIL NADU::ARANI,True,True,True,True,generated,high,partial_demographics_missing_core_fields,contested,
Tamil Nadu,CHENNAI CENTRAL,TAMIL NADU,CHENNAI CENTRAL,TAMIL NADU::CHENNAI CENTRAL,True,True,True,True,generated,high,partial_demographics_missing_core_fields,contested,
Tamil Nadu,CHENNAI NORTH,TAMIL NADU,CHENNAI NORTH,TAMIL NADU::CHENNAI NORTH,True,True,True,True,generated,high,partial_demographics_missing_core_fields,contested,
Tamil Nadu,CHENNAI SOUTH,TAMIL NADU,CHENNAI SOUTH,TAMIL NADU::CHENNAI SOUTH,True,True,True,False,election_only,election_only,election_only_needs_demographics,contested,
Tamil Nadu,CHIDAMBARAM,TAMIL NADU,CHIDAMBARAM,TAMIL NADU::CHIDAMBARAM,True,True,True,True,generated,high,partial_demographics_missing_core_fields,contested,
Tamil Nadu,COIMBATORE,TAMIL NADU,COIMBATORE,TAMIL NADU::COIMBATORE,True,True,True,True,election_only,election_only,election_only_needs_demographics,contested,
Tamil Nadu,CUDDALORE,TAMIL NADU,CUDDALORE,TAMIL NADU::CUDDALORE,True,True,True,True,generated,high,partial_demographics_missing_core_fields,contested,
Tamil Nadu,DHARMAPURI,TAMIL NADU,DHARMAPURI,TAMIL NADU::DHARMAPURI,True,True,True,True,generated,low,partial_demographics_missing_core_fields,contested,
Tamil Nadu,DINDIGUL,TAMIL NADU,DINDIGUL,TAMIL NADU::DINDIGUL,True,True,True,True,generated,high,partial_demographics_missing_core_fields,contested,
Tamil Nadu,ERODE,TAMIL NADU,ERODE,TAMIL NADU::ERODE,True,True,True,True,generated,high,partial_demographics_missing_core_fields,contested,
Tamil Nadu,KALLAKURICHI,TAMIL NADU,KALLAKURICHI,TAMIL NADU::KALLAKURICHI,True,True,True,True,generated,high,partial_demographics_missing_core_fields,contested,
Tamil Nadu,KANCHEEPURAM,TAMIL NADU,KANCHEEPURAM,TAMIL NADU::KANCHEEPURAM,True,True,True,True,generated,high,partial_demographics_missing_core_fields,contested,
Tamil Nadu,KANNIYAKUMARI,TAMIL NADU,KANNIYAKUMARI,TAMIL NADU::KANNIYAKUMARI,True,True,False,True,election_only,election_only,election_only_needs_demographics,contested,
Tamil Nadu,KARUR,TAMIL NADU,KARUR,TAMIL NADU::KARUR,True,True,True,True,generated,high,partial_demographics_missing_core_fields,contested,
Tamil Nadu,KRISHNAGIRI,TAMIL NADU,KRISHNAGIRI,TAMIL NADU::KRISHNAGIRI,True,True,True,True,election_only,election_only,election_only_needs_demographics,contested,
Tamil Nadu,MADURAI,TAMIL NADU,MADURAI,TAMIL NADU::MADURAI,True,True,True,True,election_only,election_only,election_only_needs_demographics,contested,
Tamil Nadu,MAYILADUTHURAI,TAMIL NADU,MAYILADUTHURAI,TAMIL NADU::MAYILADUTHURAI,True,True,False,True,generated,high,partial_demographics_missing_core_fields,contested,
Tamil Nadu,NAGAPATTINAM,TAMIL NADU,NAGAPATTINAM,TAMIL NADU::NAGAPATTINAM,True,True,True,True,generated,high,partial_demographics_missing_core_fields,contested,
Tamil Nadu,NAMAKKAL,TAMIL NADU,NAMAKKAL,TAMIL NADU::NAMAKKAL,True,True,True,True,generated,high,partial_demographics_missing_core_fields,contested,
Tamil Nadu,NILGIRIS,TAMIL NADU,NILGIRIS,TAMIL NADU::NILGIRIS,True,True,True,True,generated,high,partial_demographics_missing_core_fields,contested,
Tamil Nadu,PERAMBALUR,TAMIL NADU,PERAMBALUR,TAMIL NADU::PERAMBALUR,True,True,True,True,generated,high,partial_demographics_missing_core_fields,contested,
Tamil Nadu,POLLACHI,TAMIL NADU,POLLACHI,TAMIL NADU::POLLACHI,True,True,True,True,election_only,election_only,election_only_needs_demographics,contested,
Tamil Nadu,RAMANATHAPURAM,TAMIL NADU,RAMANATHAPURAM,TAMIL NADU::RAMANATHAPURAM,True,True,True,True,generated,low,partial_demographics_missing_core_fields,contested,
Tamil Nadu,SALEM,TAMIL NADU,SALEM,TAMIL NADU::SALEM,True,True,True,True,generated,high,partial_demographics_missing_core_fields,contested,
Tamil Nadu,SIVAGANGA,TAMIL NADU,SIVAGANGA,TAMIL NADU::SIVAGANGA,True,True,True,True,generated,high,partial_demographics_missing_core_fields,contested,
Tamil Nadu,SRIPERUMBUDUR,TAMIL NADU,SRIPERUMBUDUR,TAMIL NADU::SRIPERUMBUDUR,True,True,True,True,generated,high,partial_demographics_missing_core_fields,contested,
Tamil Nadu,TENKASI,TAMIL NADU,TENKASI,TAMIL NADU::TENKASI,True,True,True,True,election_only,election_only,election_only_needs_demographics,contested,
Tamil Nadu,THANJAVUR,TAMIL NADU,THANJAVUR,TAMIL NADU::THANJAVUR,True,True,True,True,generated,high,partial_demographics_missing_core_fields,contested,
Tamil Nadu,THENI,TAMIL NADU,THENI,TAMIL NADU::THENI,True,True,True,True,election_only,election_only,election_only_needs_demographics,contested,
Tamil Nadu,THOOTHUKKUDI,TAMIL NADU,THOOTHUKKUDI,TAMIL NADU::THOOTHUKKUDI,True,True,False,True,election_only,election_only,election_only_needs_demographics,contested,
Tamil Nadu,TIRUCHIRAPPALLI,TAMIL NADU,TIRUCHIRAPPALLI,TAMIL NADU::TIRUCHIRAPPALLI,True,True,True,True,generated,high,partial_demographics_missing_core_fields,contested,
Tamil Nadu,TIRUNELVELI,TAMIL NADU,TIRUNELVELI,TAMIL NADU::TIRUNELVELI,True,True,True,True,election_only,election_only,election_only_needs_demographics,contested,
Tamil Nadu,TIRUPPUR,TAMIL NADU,TIRUPPUR,TAMIL NADU::TIRUPPUR,True,True,True,True,generated,high,partial_demographics_missing_core_fields,contested,
Tamil Nadu,TIRUVALLUR,TAMIL NADU,TIRUVALLUR,TAMIL NADU::TIRUVALLUR,True,True,False,True,generated,high,partial_demographics_missing_core_fields,contested,
Tamil Nadu,TIRUVANNAMALAI,TAMIL NADU,TIRUVANNAMALAI,TAMIL NADU::TIRUVANNAMALAI,True,True,True,True,generated,high,partial_demographics_missing_core_fields,contested,
Tamil Nadu,VELLORE,TAMIL NADU,VELLORE,TAMIL NADU::VELLORE,True,True,True,True,generated,high,partial_demographics_missing_core_fields,contested,
Tamil Nadu,VILUPPURAM,TAMIL NADU,VILUPPURAM,TAMIL NADU::VILUPPURAM,True,True,True,True,generated,high,partial_demographics_missing_core_fields,contested,
Tamil Nadu,VIRUDHUNAGAR,TAMIL NADU,VIRUDHUNAGAR,TAMIL NADU::VIRUDHUNAGAR,True,True,True,True,election_only,election_only,election_only_needs_demographics,contested,
Telangana,Adilabad,TELANGANA,ADILABAD,TELANGANA::ADILABAD,True,True,True,False,generated,high,partial_demographics_missing_core_fields,contested,
Telangana,Bhongir,TELANGANA,BHONGIR,TELANGANA::BHONGIR,True,True,False,False,generated,high,partial_demographics_missing_core_fields,contested,
Telangana,Chevella,TELANGANA,CHEVELLA,TELANGANA::CHEVELLA,True,True,True,False,generated,high,partial_demographics_missing_core_fields,contested,
Telangana,Hyderabad,TELANGANA,HYDERABAD,TELANGANA::HYDERABAD,True,True,True,False,generated,high,partial_demographics_missing_core_fields,contested,
Telangana,Karimnagar,TELANGANA,KARIMNAGAR,TELANGANA::KARIMNAGAR,True,True,True,False,generated,high,partial_demographics_missing_core_fields,contested,
Telangana,Khammam,TELANGANA,KHAMMAM,TELANGANA::KHAMMAM,True,True,True,False,generated,high,partial_demographics_missing_core_fields,contested,
Telangana,Mahabubabad,TELANGANA,MAHABUBABAD,TELANGANA::MAHABUBABAD,True,True,True,False,generated,high,partial_demographics_missing_core_fields,contested,
Telangana,Mahbubnagar,TELANGANA,MAHBUBNAGAR,TELANGANA::MAHBUBNAGAR,True,True,False,False,generated,high,partial_demographics_missing_core_fields,contested,
Telangana,Malkajgiri,TELANGANA,MALKAJGIRI,TELANGANA::MALKAJGIRI,True,True,True,False,generated,high,partial_demographics_missing_core_fields,contested,
Telangana,Medak,TELANGANA,MEDAK,TELANGANA::MEDAK,True,True,True,False,generated,high,partial_demographics_missing_core_fields,contested,
Telangana,Nagarkurnool,TELANGANA,NAGARKURNOOL,TELANGANA::NAGARKURNOOL,True,True,True,False,generated,high,partial_demographics_missing_core_fields,contested,
Telangana,Nalgonda,TELANGANA,NALGONDA,TELANGANA::NALGONDA,True,True,True,False,generated,high,partial_demographics_missing_core_fields,contested,
Telangana,Nizamabad,TELANGANA,NIZAMABAD,TELANGANA::NIZAMABAD,True,True,True,False,generated,high,partial_demographics_missing_core_fields,contested,
Telangana,Peddapalle,TELANGANA,PEDDAPALLE,TELANGANA::PEDDAPALLE,True,True,False,False,generated,high,partial_demographics_missing_core_fields,contested,
Telangana,Secunderabad,TELANGANA,SECUNDERABAD,TELANGANA::SECUNDERABAD,True,True,True,False,generated,high,partial_demographics_missing_core_fields,contested,
Telangana,Warangal,TELANGANA,WARANGAL,TELANGANA::WARANGAL,True,True,True,False,generated,high,partial_demographics_missing_core_fields,contested,
Telangana,Zahirabad,TELANGANA,ZAHIRABAD,TELANGANA::ZAHIRABAD,True,True,True,False,generated,high,partial_demographics_missing_core_fields,contested,
Tripura,Tripura East,TRIPURA,TRIPURA EAST,TRIPURA::TRIPURA EAST,True,True,True,True,generated,high,partial_demographics_missing_core_fields,contested,
Tripura,Tripura West,TRIPURA,TRIPURA WEST,TRIPURA::TRIPURA WEST,True,True,True,True,generated,high,partial_demographics_missing_core_fields,contested,
Uttar Pradesh,Agra,UTTAR PRADESH,AGRA,UTTAR PRADESH::AGRA,True,True,True,True,generated,high,partial_demographics_missing_core_fields,contested,
Uttar Pradesh,Akbarpur,UTTAR PRADESH,AKBARPUR,UTTAR PRADESH::AKBARPUR,True,True,True,False,election_only,election_only,election_only_needs_demographics,contested,
Uttar Pradesh,Aligarh,UTTAR PRADESH,ALIGARH,UTTAR PRADESH::ALIGARH,True,True,True,True,generated,high,partial_demographics_missing_core_fields,contested,
Uttar Pradesh,Allahabad,UTTAR PRADESH,ALLAHABAD,UTTAR PRADESH::ALLAHABAD,True,True,True,True,generated,high,partial_demographics_missing_core_fields,contested,
Uttar Pradesh,Ambedkar Nagar,UTTAR PRADESH,AMBEDKAR NAGAR,UTTAR PRADESH::AMBEDKAR NAGAR,True,True,True,False,election_only,election_only,election_only_needs_demographics,contested,
Uttar Pradesh,Amethi,UTTAR PRADESH,AMETHI,UTTAR PRADESH::AMETHI,True,True,True,True,generated,high,partial_demographics_missing_core_fields,contested,
Uttar Pradesh,Amroha,UTTAR PRADESH,AMROHA,UTTAR PRADESH::AMROHA,True,True,True,True,generated,high,partial_demographics_missing_core_fields,contested,
Uttar Pradesh,Aonla,UTTAR PRADESH,AONLA,UTTAR PRADESH::AONLA,True,True,True,False,election_only,election_only,election_only_needs_demographics,contested,
Uttar Pradesh,Azamgarh,UTTAR PRADESH,AZAMGARH,UTTAR PRADESH::AZAMGARH,True,True,True,False,election_only,election_only,election_only_needs_demographics,contested,
Uttar Pradesh,Badaun,UTTAR PRADESH,BADAUN,UTTAR PRADESH::BADAUN,True,True,True,True,generated,high,partial_demographics_missing_core_fields,contested,
Uttar Pradesh,Baghpat,UTTAR PRADESH,BAGHPAT,UTTAR PRADESH::BAGHPAT,True,True,True,True,generated,high,partial_demographics_missing_core_fields,contested,
Uttar Pradesh,Baharaich,UTTAR PRADESH,BAHARAICH,UTTAR PRADESH::BAHARAICH,True,True,False,True,election_only,election_only,election_only_needs_demographics,contested,
Uttar Pradesh,Ballia,UTTAR PRADESH,BALLIA,UTTAR PRADESH::BALLIA,True,True,True,True,generated,high,partial_demographics_missing_core_fields,contested,
Uttar Pradesh,Banda,UTTAR PRADESH,BANDA,UTTAR PRADESH::BANDA,True,True,True,True,election_only,election_only,election_only_needs_demographics,contested,
Uttar Pradesh,Bansgaon,UTTAR PRADESH,BANSGAON,UTTAR PRADESH::BANSGAON,True,True,True,False,election_only,election_only,election_only_needs_demographics,contested,
Uttar Pradesh,Barabanki,UTTAR PRADESH,BARABANKI,UTTAR PRADESH::BARABANKI,True,True,True,False,election_only,election_only,election_only_needs_demographics,contested,
Uttar Pradesh,Bareilly,UTTAR PRADESH,BAREILLY,UTTAR PRADESH::BAREILLY,True,True,True,True,generated,high,partial_demographics_missing_core_fields,contested,
Uttar Pradesh,Basti,UTTAR PRADESH,BASTI,UTTAR PRADESH::BASTI,True,True,True,False,election_only,election_only,election_only_needs_demographics,contested,
Uttar Pradesh,Bhadohi,UTTAR PRADESH,BHADOHI,UTTAR PRADESH::BHADOHI,True,True,True,False,election_only,election_only,election_only_needs_demographics,contested,
Uttar Pradesh,Bijnor,UTTAR PRADESH,BIJNOR,UTTAR PRADESH::BIJNOR,True,True,True,True,generated,high,partial_demographics_missing_core_fields,contested,
Uttar Pradesh,Bulandshahr,UTTAR PRADESH,BULANDSHAHR,UTTAR PRADESH::BULANDSHAHR,True,True,True,True,generated,high,partial_demographics_missing_core_fields,contested,
Uttar Pradesh,Chandauli,UTTAR PRADESH,CHANDAULI,UTTAR PRADESH::CHANDAULI,True,True,True,True,election_only,election_only,election_only_needs_demographics,contested,
Uttar Pradesh,Deoria,UTTAR PRADESH,DEORIA,UTTAR PRADESH::DEORIA,True,True,True,True,generated,high,partial_demographics_missing_core_fields,contested,
Uttar Pradesh,Dhaurahra,UTTAR PRADESH,DHAURAHRA,UTTAR PRADESH::DHAURAHRA,True,True,True,True,generated,high,partial_demographics_missing_core_fields,contested,
Uttar Pradesh,Domariyaganj,UTTAR PRADESH,DOMARIYAGANJ,UTTAR PRADESH::DOMARIYAGANJ,True,True,True,True,generated,high,partial_demographics_missing_core_fields,contested,
Uttar Pradesh,Etah,UTTAR PRADESH,ETAH,UTTAR PRADESH::ETAH,True,True,True,True,generated,high,partial_demographics_missing_core_fields,contested,
Uttar Pradesh,Etawah,UTTAR PRADESH,ETAWAH,UTTAR PRADESH::ETAWAH,True,True,True,True,generated,high,partial_demographics_missing_core_fields,contested,
Uttar Pradesh,Faizabad,UTTAR PRADESH,FAIZABAD,UTTAR PRADESH::FAIZABAD,True,True,True,False,election_only,election_only,election_only_needs_demographics,contested,
Uttar Pradesh,Farrukhabad,UTTAR PRADESH,FARRUKHABAD,UTTAR PRADESH::FARRUKHABAD,True,True,True,True,generated,high,partial_demographics_missing_core_fields,contested,
Uttar Pradesh,Fatehpur,UTTAR PRADESH,FATEHPUR,UTTAR PRADESH::FATEHPUR,True,True,True,True,generated,high,partial_demographics_missing_core_fields,contested,
Uttar Pradesh,Fatehpur Sikri,UTTAR PRADESH,FATEHPUR SIKRI,UTTAR PRADESH::FATEHPUR SIKRI,True,True,True,True,generated,high,partial_demographics_missing_core_fields,contested,
Uttar Pradesh,Firozabad,UTTAR PRADESH,FIROZABAD,UTTAR PRADESH::FIROZABAD,True,True,True,True,generated,high,partial_demographics_missing_core_fields,contested,
Uttar Pradesh,Gautam Buddha Nagar,UTTAR PRADESH,GAUTAM BUDDHA NAGAR,UTTAR PRADESH::GAUTAM BUDDHA NAGAR,True,True,True,False,election_only,election_only,election_only_needs_demographics,contested,
Uttar Pradesh,Ghaziabad,UTTAR PRADESH,GHAZIABAD,UTTAR PRADESH::GHAZIABAD,True,True,True,True,generated,high,partial_demographics_missing_core_fields,contested,
Uttar Pradesh,Ghazipur,UTTAR PRADESH,GHAZIPUR,UTTAR PRADESH::GHAZIPUR,True,True,True,True,generated,high,partial_demographics_missing_core_fields,contested,
Uttar Pradesh,Ghosi,UTTAR PRADESH,GHOSI,UTTAR PRADESH::GHOSI,True,True,True,True,generated,high,partial_demographics_missing_core_fields,contested,
Uttar Pradesh,Gonda,UTTAR PRADESH,GONDA,UTTAR PRADESH::GONDA,True,True,True,True,generated,high,partial_demographics_missing_core_fields,contested,
Uttar Pradesh,Gorakhpur,UTTAR PRADESH,GORAKHPUR,UTTAR PRADESH::GORAKHPUR,True,True,True,False,election_only,election_only,election_only_needs_demographics,contested,
Uttar Pradesh,Hamirpur,UTTAR PRADESH,HAMIRPUR,UTTAR PRADESH::HAMIRPUR,True,True,True,True,generated,high,partial_demographics_missing_core_fields,contested,
Uttar Pradesh,Hardoi,UTTAR PRADESH,HARDOI,UTTAR PRADESH::HARDOI,True,True,True,True,generated,high,partial_demographics_missing_core_fields,contested,
Uttar Pradesh,Hathras,UTTAR PRADESH,HATHRAS,UTTAR PRADESH::HATHRAS,True,True,True,True,generated,high,partial_demographics_missing_core_fields,contested,
Uttar Pradesh,Jalaun,UTTAR PRADESH,JALAUN,UTTAR PRADESH::JALAUN,True,True,True,False,election_only,election_only,election_only_needs_demographics,contested,
Uttar Pradesh,Jaunpur,UTTAR PRADESH,JAUNPUR,UTTAR PRADESH::JAUNPUR,True,True,True,False,election_only,election_only,election_only_needs_demographics,contested,
Uttar Pradesh,Jhansi,UTTAR PRADESH,JHANSI,UTTAR PRADESH::JHANSI,True,True,True,True,generated,high,partial_demographics_missing_core_fields,contested,
Uttar Pradesh,Kairana,UTTAR PRADESH,KAIRANA,UTTAR PRADESH::KAIRANA,True,True,True,True,generated,high,partial_demographics_missing_core_fields,contested,
Uttar Pradesh,Kaiserganj,UTTAR PRADESH,KAISERGANJ,UTTAR PRADESH::KAISERGANJ,True,True,True,True,generated,high,partial_demographics_missing_core_fields,contested,
Uttar Pradesh,Kannauj,UTTAR PRADESH,KANNAUJ,UTTAR PRADESH::KANNAUJ,True,True,True,False,election_only,election_only,election_only_needs_demographics,contested,
Uttar Pradesh,Kanpur,UTTAR PRADESH,KANPUR,UTTAR PRADESH::KANPUR,True,True,True,False,election_only,election_only,election_only_needs_demographics,contested,
Uttar Pradesh,Kaushambi,UTTAR PRADESH,KAUSHAMBI,UTTAR PRADESH::KAUSHAMBI,True,True,True,True,generated,high,partial_demographics_missing_core_fields,contested,
Uttar Pradesh,Kheri,UTTAR PRADESH,KHERI,UTTAR PRADESH::KHERI,True,True,True,True,generated,high,partial_demographics_missing_core_fields,contested,
Uttar Pradesh,Kushi Nagar,UTTAR PRADESH,KUSHI NAGAR,UTTAR PRADESH::KUSHI NAGAR,True,True,True,False,election_only,election_only,election_only_needs_demographics,contested,
Uttar Pradesh,Lalganj,UTTAR PRADESH,LALGANJ,UTTAR PRADESH::LALGANJ,True,True,True,False,election_only,election_only,election_only_needs_demographics,contested,
Uttar Pradesh,Lucknow,UTTAR PRADESH,LUCKNOW,UTTAR PRADESH::LUCKNOW,True,True,True,True,generated,high,partial_demographics_missing_core_fields,contested,
Uttar Pradesh,Machhlishahr,UTTAR PRADESH,MACHHLISHAHR,UTTAR PRADESH::MACHHLISHAHR,True,True,True,True,election_only,election_only,election_only_needs_demographics,contested,
Uttar Pradesh,Maharajganj,UTTAR PRADESH,MAHARAJGANJ,UTTAR PRADESH::MAHARAJGANJ,True,True,True,False,election_only,election_only,election_only_needs_demographics,contested,
Uttar Pradesh,Mainpuri,UTTAR PRADESH,MAINPURI,UTTAR PRADESH::MAINPURI,True,True,True,False,election_only,election_only,election_only_needs_demographics,contested,
Uttar Pradesh,Mathura,UTTAR PRADESH,MATHURA,UTTAR PRADESH::MATHURA,True,True,True,True,generated,high,partial_demographics_missing_core_fields,contested,
Uttar Pradesh,Meerut,UTTAR PRADESH,MEERUT,UTTAR PRADESH::MEERUT,True,True,True,True,generated,high,partial_demographics_missing_core_fields,contested,
Uttar Pradesh,Mirzapur,UTTAR PRADESH,MIRZAPUR,UTTAR PRADESH::MIRZAPUR,True,True,True,True,generated,high,partial_demographics_missing_core_fields,contested,
Uttar Pradesh,Misrikh,UTTAR PRADESH,MISRIKH,UTTAR PRADESH::MISRIKH,True,True,True,True,generated,high,partial_demographics_missing_core_fields,contested,
Uttar Pradesh,Mohanlalganj,UTTAR PRADESH,MOHANLALGANJ,UTTAR PRADESH::MOHANLALGANJ,True,True,True,False,election_only,election_only,election_only_needs_demographics,contested,
Uttar Pradesh,Moradabad,UTTAR PRADESH,MORADABAD,UTTAR PRADESH::MORADABAD,True,True,True,True,generated,high,partial_demographics_missing_core_fields,contested,
Uttar Pradesh,Muzaffarnagar,UTTAR PRADESH,MUZAFFARNAGAR,UTTAR PRADESH::MUZAFFARNAGAR,True,True,True,True,generated,high,partial_demographics_missing_core_fields,contested,
Uttar Pradesh,Nagina,UTTAR PRADESH,NAGINA,UTTAR PRADESH::NAGINA,True,True,True,True,generated,high,partial_demographics_missing_core_fields,contested,
Uttar Pradesh,Phulpur,UTTAR PRADESH,PHULPUR,UTTAR PRADESH::PHULPUR,True,True,True,False,election_only,election_only,election_only_needs_demographics,contested,
Uttar Pradesh,Pilibhit,UTTAR PRADESH,PILIBHIT,UTTAR PRADESH::PILIBHIT,True,True,True,True,generated,high,partial_demographics_missing_core_fields,contested,
Uttar Pradesh,Pratapgarh,UTTAR PRADESH,PRATAPGARH,UTTAR PRADESH::PRATAPGARH,True,True,True,True,generated,high,partial_demographics_missing_core_fields,contested,
Uttar Pradesh,Rae Bareli,UTTAR PRADESH,RAE BARELI,UTTAR PRADESH::RAE BARELI,True,True,True,False,election_only,election_only,election_only_needs_demographics,contested,
Uttar Pradesh,Rampur,UTTAR PRADESH,RAMPUR,UTTAR PRADESH::RAMPUR,True,True,True,True,generated,high,partial_demographics_missing_core_fields,contested,
Uttar Pradesh,Robertsganj,UTTAR PRADESH,ROBERTSGANJ,UTTAR PRADESH::ROBERTSGANJ,True,True,True,True,generated,medium,partial_demographics_missing_core_fields,contested,
Uttar Pradesh,Saharanpur,UTTAR PRADESH,SAHARANPUR,UTTAR PRADESH::SAHARANPUR,True,True,True,True,generated,high,partial_demographics_missing_core_fields,contested,
Uttar Pradesh,Salempur,UTTAR PRADESH,SALEMPUR,UTTAR PRADESH::SALEMPUR,True,True,True,True,election_only,election_only,election_only_needs_demographics,contested,
Uttar Pradesh,Sambhal,UTTAR PRADESH,SAMBHAL,UTTAR PRADESH::SAMBHAL,True,True,True,True,generated,high,partial_demographics_missing_core_fields,contested,
Uttar Pradesh,Sant Kabir Nagar,UTTAR PRADESH,SANT KABIR NAGAR,UTTAR PRADESH::SANT KABIR NAGAR,True,True,True,False,election_only,election_only,election_only_needs_demographics,contested,
Uttar Pradesh,Shahjahanpur,UTTAR PRADESH,SHAHJAHANPUR,UTTAR PRADESH::SHAHJAHANPUR,True,True,True,True,generated,high,partial_demographics_missing_core_fields,contested,
Uttar Pradesh,Shrawasti,UTTAR PRADESH,SHRAWASTI,UTTAR PRADESH::SHRAWASTI,True,True,True,True,generated,high,partial_demographics_missing_core_fields,contested,
Uttar Pradesh,Sitapur,UTTAR PRADESH,SITAPUR,UTTAR PRADESH::SITAPUR,True,True,True,True,generated,high,partial_demographics_missing_core_fields,contested,
Uttar Pradesh,Sultanpur,UTTAR PRADESH,SULTANPUR,UTTAR PRADESH::SULTANPUR,True,True,True,True,generated,high,partial_demographics_missing_core_fields,contested,
Uttar Pradesh,Unnao,UTTAR PRADESH,UNNAO,UTTAR PRADESH::UNNAO,True,True,True,True,generated,high,partial_demographics_missing_core_fields,contested,
Uttar Pradesh,Varanasi,UTTAR PRADESH,VARANASI,UTTAR PRADESH::VARANASI,True,True,True,False,election_only,election_only,election_only_needs_demographics,contested,
Uttarakhand,Almora,UTTARAKHAND,ALMORA,UTTARAKHAND::ALMORA,True,True,True,True,election_only,election_only,election_only_needs_demographics,contested,
Uttarakhand,Garhwal,UTTARAKHAND,GARHWAL,UTTARAKHAND::GARHWAL,True,True,True,True,election_only,election_only,election_only_needs_demographics,contested,
Uttarakhand,Haridwar,UTTARAKHAND,HARIDWAR,UTTARAKHAND::HARIDWAR,True,True,True,False,election_only,election_only,election_only_needs_demographics,contested,
Uttarakhand,Nainital-Udhamsingh Nagar,UTTARAKHAND,NAINITAL UDHAMSINGH NAGAR,UTTARAKHAND::NAINITAL UDHAMSINGH NAGAR,True,True,True,False,election_only,election_only,election_only_needs_demographics,contested,
Uttarakhand,Tehri Garhwal,UTTARAKHAND,TEHRI GARHWAL,UTTARAKHAND::TEHRI GARHWAL,True,True,True,True,election_only,election_only,election_only_needs_demographics,contested,
West Bengal,Alipurduars,WEST BENGAL,ALIPURDUARS,WEST BENGAL::ALIPURDUARS,True,True,True,False,election_only,election_only,election_only_needs_demographics,contested,
West Bengal,Arambag,WEST BENGAL,ARAMBAG,WEST BENGAL::ARAMBAG,True,True,False,True,generated,high,partial_demographics_missing_core_fields,contested,
West Bengal,Asansol,WEST BENGAL,ASANSOL,WEST BENGAL::ASANSOL,True,True,True,True,generated,high,partial_demographics_missing_core_fields,contested,
West Bengal,Baharampur,WEST BENGAL,BAHARAMPUR,WEST BENGAL::BAHARAMPUR,True,True,True,True,generated,high,partial_demographics_missing_core_fields,contested,
West Bengal,Balurghat,WEST BENGAL,BALURGHAT,WEST BENGAL::BALURGHAT,True,True,True,True,generated,high,partial_demographics_missing_core_fields,contested,
West Bengal,Bangaon,WEST BENGAL,BANGAON,WEST BENGAL::BANGAON,True,True,True,True,generated,high,partial_demographics_missing_core_fields,contested,
West Bengal,Bankura,WEST BENGAL,BANKURA,WEST BENGAL::BANKURA,True,True,True,True,generated,high,partial_demographics_missing_core_fields,contested,
West Bengal,Barasat,WEST BENGAL,BARASAT,WEST BENGAL::BARASAT,True,True,True,True,generated,high,partial_demographics_missing_core_fields,contested,
West Bengal,Bardhaman Purba,WEST BENGAL,BARDHAMAN PURBA,WEST BENGAL::BARDHAMAN PURBA,True,True,True,False,election_only,election_only,election_only_needs_demographics,contested,
West Bengal,Bardhaman-Durgapur,WEST BENGAL,BARDHAMAN DURGAPUR,WEST BENGAL::BARDHAMAN DURGAPUR,True,True,True,False,election_only,election_only,election_only_needs_demographics,contested,
West Bengal,Barrackpur,WEST BENGAL,BARRACKPUR,WEST BENGAL::BARRACKPUR,True,True,False,True,generated,high,partial_demographics_missing_core_fields,contested,
West Bengal,Basirhat,WEST BENGAL,BASIRHAT,WEST BENGAL::BASIRHAT,True,True,True,True,generated,high,partial_demographics_missing_core_fields,contested,
West Bengal,Birbhum,WEST BENGAL,BIRBHUM,WEST BENGAL::BIRBHUM,True,True,True,True,generated,high,partial_demographics_missing_core_fields,contested,
West Bengal,Bishnupur,WEST BENGAL,BISHNUPUR,WEST BENGAL::BISHNUPUR,True,True,True,False,election_only,election_only,election_only_needs_demographics,contested,
West Bengal,Bolpur,WEST BENGAL,BOLPUR,WEST BENGAL::BOLPUR,True,True,True,True,generated,high,partial_demographics_missing_core_fields,contested,
West Bengal,Coochbehar,WEST BENGAL,COOCHBEHAR,WEST BENGAL::COOCHBEHAR,True,True,False,True,generated,high,partial_demographics_missing_core_fields,contested,
West Bengal,Darjeeling,WEST BENGAL,DARJEELING,WEST BENGAL::DARJEELING,True,True,True,True,generated,high,partial_demographics_missing_core_fields,contested,
West Bengal,Diamond harbour,WEST BENGAL,DIAMOND HARBOUR,WEST BENGAL::DIAMOND HARBOUR,True,True,True,False,election_only,election_only,election_only_needs_demographics,contested,
West Bengal,Dum dum,WEST BENGAL,DUM DUM,WEST BENGAL::DUM DUM,True,True,True,True,generated,high,partial_demographics_missing_core_fields,contested,
West Bengal,Ghatal,WEST BENGAL,GHATAL,WEST BENGAL::GHATAL,True,True,True,True,election_only,election_only,election_only_needs_demographics,contested,
West Bengal,Hooghly,WEST BENGAL,HOOGHLY,WEST BENGAL::HOOGHLY,True,True,True,True,generated,high,partial_demographics_missing_core_fields,contested,
West Bengal,Howrah,WEST BENGAL,HOWRAH,WEST BENGAL::HOWRAH,True,True,True,True,generated,high,partial_demographics_missing_core_fields,contested,
West Bengal,Jadavpur,WEST BENGAL,JADAVPUR,WEST BENGAL::JADAVPUR,True,True,True,True,generated,high,partial_demographics_missing_core_fields,contested,
West Bengal,Jalpaiguri,WEST BENGAL,JALPAIGURI,WEST BENGAL::JALPAIGURI,True,True,True,True,generated,high,partial_demographics_missing_core_fields,contested,
West Bengal,Jangipur,WEST BENGAL,JANGIPUR,WEST BENGAL::JANGIPUR,True,True,True,True,generated,high,partial_demographics_missing_core_fields,contested,
West Bengal,Jaynagar,WEST BENGAL,JAYNAGAR,WEST BENGAL::JAYNAGAR,True,True,True,True,generated,high,partial_demographics_missing_core_fields,contested,
West Bengal,Jhargram,WEST BENGAL,JHARGRAM,WEST BENGAL::JHARGRAM,True,True,True,True,election_only,election_only,election_only_needs_demographics,contested,
West Bengal,Kanthi,WEST BENGAL,KANTHI,WEST BENGAL::KANTHI,True,True,True,True,election_only,election_only,election_only_needs_demographics,contested,
West Bengal,Kolkata Dakshin,WEST BENGAL,KOLKATA DAKSHIN,WEST BENGAL::KOLKATA DAKSHIN,True,True,True,False,election_only,election_only,election_only_needs_demographics,contested,
West Bengal,Kolkata Uttar,WEST BENGAL,KOLKATA UTTAR,WEST BENGAL::KOLKATA UTTAR,True,True,True,False,election_only,election_only,election_only_needs_demographics,contested,
West Bengal,Krishnanagar,WEST BENGAL,KRISHNANAGAR,WEST BENGAL::KRISHNANAGAR,True,True,True,False,election_only,election_only,election_only_needs_demographics,contested,
West Bengal,Maldaha Dakshin,WEST BENGAL,MALDAHA DAKSHIN,WEST BENGAL::MALDAHA DAKSHIN,True,True,True,False,election_only,election_only,election_only_needs_demographics,contested,
West Bengal,Maldaha Uttar,WEST BENGAL,MALDAHA UTTAR,WEST BENGAL::MALDAHA UTTAR,True,True,True,False,election_only,election_only,election_only_needs_demographics,contested,
West Bengal,Mathurapur,WEST BENGAL,MATHURAPUR,WEST BENGAL::MATHURAPUR,True,True,True,True,generated,high,partial_demographics_missing_core_fields,contested,
West Bengal,Medinipur,WEST BENGAL,MEDINIPUR,WEST BENGAL::MEDINIPUR,True,True,True,False,election_only,election_only,election_only_needs_demographics,contested,
West Bengal,Murshidabad,WEST BENGAL,MURSHIDABAD,WEST BENGAL::MURSHIDABAD,True,True,True,True,generated,high,partial_demographics_missing_core_fields,contested,
West Bengal,Purulia,WEST BENGAL,PURULIA,WEST BENGAL::PURULIA,True,True,True,True,generated,high,partial_demographics_missing_core_fields,contested,
West Bengal,Raiganj,WEST BENGAL,RAIGANJ,WEST BENGAL::RAIGANJ,True,True,True,True,generated,high,partial_demographics_missing_core_fields,contested,
West Bengal,Ranaghat,WEST BENGAL,RANAGHAT,WEST BENGAL::RANAGHAT,True,True,True,True,generated,high,partial_demographics_missing_core_fields,contested,
West Bengal,Sreerampur,WEST BENGAL,SREERAMPUR,WEST BENGAL::SREERAMPUR,True,True,True,True,generated,high,partial_demographics_missing_core_fields,contested,
West Bengal,Tamluk,WEST BENGAL,TAMLUK,WEST BENGAL::TAMLUK,True,True,True,True,election_only,election_only,election_only_needs_demographics,contested,
West Bengal,Uluberia,WEST BENGAL,ULUBERIA,WEST BENGAL::ULUBERIA,True,True,True,True,generated,high,partial_demographics_missing_core_fields,contested,
