row_index,year,poll_type,geography_level,state,voter_group_type,voter_group,party_or_alliance,vote_share,source_table,source_page,confidence,is_valid,quality_flags,valid,missing_party,missing_group_type,missing_vote_share,invalid_vote_share,duplicate_key,low_confidence,needs_manual_review
0,2019,post_poll,national,,caste,,Regional,9.8,2019_post_poll_table_005.csv,,medium,False,duplicate_key|low_confidence|needs_manual_review,False,False,False,False,False,True,True,True
1,2019,post_poll,national,,caste,,Others,80.0,2019_post_poll_table_005.csv,,medium,False,duplicate_key|low_confidence|needs_manual_review,False,False,False,False,False,True,True,True
2,2019,post_poll,national,,caste,,Regional,2.4,2019_post_poll_table_025.csv,,medium,False,duplicate_key|low_confidence|needs_manual_review,False,False,False,False,False,True,True,True
3,2019,post_poll,national,,caste,,Others,35.0,2019_post_poll_table_029.csv,,medium,False,duplicate_key|low_confidence|needs_manual_review,False,False,False,False,False,True,True,True
4,2019,post_poll,national,,gender,,Regional,67.0,2019_post_poll_table_031.csv,,medium,False,duplicate_key|low_confidence|needs_manual_review,False,False,False,False,False,True,True,True
5,2019,post_poll,national,,gender,,BJP,81.0,2019_post_poll_table_031.csv,,medium,False,duplicate_key|low_confidence|needs_manual_review,False,False,False,False,False,True,True,True
6,2019,post_poll,national,,gender,,Others,29.0,2019_post_poll_table_031.csv,,medium,False,duplicate_key|low_confidence|needs_manual_review,False,False,False,False,False,True,True,True
7,2019,post_poll,national,,caste,,Regional,100.0,2019_post_poll_table_032.csv,,medium,False,duplicate_key|low_confidence|needs_manual_review,False,False,False,False,False,True,True,True
8,2019,post_poll,national,,caste,,Others,8.0,2019_post_poll_table_032.csv,,medium,False,duplicate_key|low_confidence|needs_manual_review,False,False,False,False,False,True,True,True
9,2019,post_poll,national,,gender,,INDIA,8.0,2019_post_poll_table_033.csv,,medium,False,low_confidence|needs_manual_review,False,False,False,False,False,False,True,True
10,2019,post_poll,national,,caste,,INC,74.0,2019_post_poll_table_047.csv,,medium,False,duplicate_key|low_confidence|needs_manual_review,False,False,False,False,False,True,True,True
11,2019,post_poll,national,,caste,,INDIA,56.0,2019_post_poll_table_047.csv,,medium,False,duplicate_key|low_confidence|needs_manual_review,False,False,False,False,False,True,True,True
12,2019,post_poll,national,,caste,,Others,14.0,2019_post_poll_table_047.csv,,medium,False,duplicate_key|low_confidence|needs_manual_review,False,False,False,False,False,True,True,True
13,2019,post_poll,national,,caste,,BJP,17.0,2019_post_poll_table_047.csv,,medium,False,duplicate_key|low_confidence|needs_manual_review,False,False,False,False,False,True,True,True
14,2019,post_poll,national,,caste,,NDA,100.0,2019_post_poll_table_047.csv,,medium,False,duplicate_key|low_confidence|needs_manual_review,False,False,False,False,False,True,True,True
15,2019,post_poll,national,,gender,,Regional,2.4,2019_post_poll_table_057.csv,,medium,False,duplicate_key|low_confidence|needs_manual_review,False,False,False,False,False,True,True,True
16,2019,post_poll,national,,other,Valid,INC,4.0,2019_post_poll_table_066.csv,,medium,False,duplicate_key|low_confidence|needs_manual_review,False,False,False,False,False,True,True,True
17,2019,post_poll,national,,other,Valid,Others,23.7,2019_post_poll_table_070.csv,,medium,False,low_confidence|needs_manual_review,False,False,False,False,False,False,True,True
18,2019,post_poll,national,,gender,,Regional,70.0,2019_post_poll_table_082.csv,,medium,False,duplicate_key|low_confidence|needs_manual_review,False,False,False,False,False,True,True,True
19,2019,post_poll,national,,gender,,Regional,1.9,2019_post_poll_table_084.csv,,medium,False,duplicate_key|low_confidence|needs_manual_review,False,False,False,False,False,True,True,True
20,2019,post_poll,national,,gender,,Others,10.0,2019_post_poll_table_087.csv,,medium,False,duplicate_key|low_confidence|needs_manual_review,False,False,False,False,False,True,True,True
21,2019,post_poll,national,,gender,,Regional,1.5,2019_post_poll_table_087.csv,,medium,False,duplicate_key|low_confidence|needs_manual_review,False,False,False,False,False,True,True,True
22,2019,post_poll,national,,gender,,Others,20.0,2019_post_poll_table_089.csv,,medium,False,duplicate_key|low_confidence|needs_manual_review,False,False,False,False,False,True,True,True
23,2019,post_poll,national,,gender,,Regional,1.6,2019_post_poll_table_089.csv,,medium,False,duplicate_key|low_confidence|needs_manual_review,False,False,False,False,False,True,True,True
24,2019,post_poll,national,,gender,,Others,42.0,2019_post_poll_table_091.csv,,medium,False,duplicate_key|low_confidence|needs_manual_review,False,False,False,False,False,True,True,True
25,2019,post_poll,national,,gender,,Others,30.0,2019_post_poll_table_094.csv,,medium,False,duplicate_key|low_confidence|needs_manual_review,False,False,False,False,False,True,True,True
26,2019,post_poll,national,,gender,,Regional,1.7,2019_post_poll_table_094.csv,,medium,False,duplicate_key|low_confidence|needs_manual_review,False,False,False,False,False,True,True,True
27,2019,post_poll,national,,gender,,Others,40.0,2019_post_poll_table_096.csv,,medium,False,duplicate_key|low_confidence|needs_manual_review,False,False,False,False,False,True,True,True
28,2019,post_poll,national,,gender,,Regional,2.6,2019_post_poll_table_096.csv,,medium,False,duplicate_key|low_confidence|needs_manual_review,False,False,False,False,False,True,True,True
29,2019,post_poll,national,,gender,,Others,22.0,2019_post_poll_table_098.csv,,medium,False,duplicate_key|low_confidence|needs_manual_review,False,False,False,False,False,True,True,True
30,2019,post_poll,national,,gender,,Others,14.0,2019_post_poll_table_100.csv,,medium,False,duplicate_key|low_confidence|needs_manual_review,False,False,False,False,False,True,True,True
31,2019,post_poll,national,,gender,,Others,90.0,2019_post_poll_table_103.csv,,medium,False,duplicate_key|low_confidence|needs_manual_review,False,False,False,False,False,True,True,True
32,2019,post_poll,national,,gender,,Others,20.0,2019_post_poll_table_105.csv,,medium,False,duplicate_key|low_confidence|needs_manual_review,False,False,False,False,False,True,True,True
33,2019,post_poll,national,,gender,,Regional,2.1,2019_post_poll_table_105.csv,,medium,False,duplicate_key|low_confidence|needs_manual_review,False,False,False,False,False,True,True,True
34,2019,post_poll,national,,caste,,Regional,1.5,2019_post_poll_table_106.csv,,medium,False,duplicate_key|low_confidence|needs_manual_review,False,False,False,False,False,True,True,True
35,2019,post_poll,national,,caste,,Regional,1.6,2019_post_poll_table_107.csv,,medium,False,duplicate_key|low_confidence|needs_manual_review,False,False,False,False,False,True,True,True
36,2019,post_poll,national,,caste,,Regional,2.9,2019_post_poll_table_108.csv,,medium,False,duplicate_key|low_confidence|needs_manual_review,False,False,False,False,False,True,True,True
37,2019,post_poll,national,,caste,,Regional,3.7,2019_post_poll_table_109.csv,,medium,False,duplicate_key|low_confidence|needs_manual_review,False,False,False,False,False,True,True,True
38,2019,post_poll,national,,caste,,Regional,1.9,2019_post_poll_table_110.csv,,medium,False,duplicate_key|low_confidence|needs_manual_review,False,False,False,False,False,True,True,True
39,2019,post_poll,national,,caste,,Regional,2.0,2019_post_poll_table_111.csv,,medium,False,duplicate_key|low_confidence|needs_manual_review,False,False,False,False,False,True,True,True
40,2019,post_poll,national,,caste,,Regional,2.1,2019_post_poll_table_112.csv,,medium,False,duplicate_key|low_confidence|needs_manual_review,False,False,False,False,False,True,True,True
41,2019,post_poll,national,,caste,,Regional,1.8,2019_post_poll_table_114.csv,,medium,False,duplicate_key|low_confidence|needs_manual_review,False,False,False,False,False,True,True,True
42,2019,post_poll,national,,religion,,Others,100.0,2019_post_poll_table_115.csv,,medium,False,duplicate_key|low_confidence|needs_manual_review,False,False,False,False,False,True,True,True
43,2019,post_poll,national,,caste,,Regional,1.9,2019_post_poll_table_116.csv,,medium,False,duplicate_key|low_confidence|needs_manual_review,False,False,False,False,False,True,True,True
44,2019,post_poll,national,,gender,,Regional,2.0,2019_post_poll_table_117.csv,,medium,False,duplicate_key|low_confidence|needs_manual_review,False,False,False,False,False,True,True,True
45,2019,post_poll,national,,religion,Valid,INDIA,27.9,2019_post_poll_table_118.csv,,medium,False,low_confidence|needs_manual_review,False,False,False,False,False,False,True,True
46,2019,post_poll,national,,religion,,Others,60.0,2019_post_poll_table_118.csv,,medium,False,duplicate_key|low_confidence|needs_manual_review,False,False,False,False,False,True,True,True
47,2019,post_poll,national,,religion,,Regional,90.0,2019_post_poll_table_118.csv,,medium,False,duplicate_key|low_confidence|needs_manual_review,False,False,False,False,False,True,True,True
48,2019,post_poll,national,,caste,,Regional,4.5,2019_post_poll_table_119.csv,,medium,False,duplicate_key|low_confidence|needs_manual_review,False,False,False,False,False,True,True,True
49,2019,post_poll,national,,caste,,Regional,4.1,2019_post_poll_table_120.csv,,medium,False,duplicate_key|low_confidence|needs_manual_review,False,False,False,False,False,True,True,True
50,2019,post_poll,national,,caste,,Regional,4.4,2019_post_poll_table_122.csv,,medium,False,duplicate_key|low_confidence|needs_manual_review,False,False,False,False,False,True,True,True
51,2019,post_poll,national,,caste,,Regional,4.7,2019_post_poll_table_123.csv,,medium,False,duplicate_key|low_confidence|needs_manual_review,False,False,False,False,False,True,True,True
52,2019,post_poll,national,,caste,,Regional,4.3,2019_post_poll_table_124.csv,,medium,False,duplicate_key|low_confidence|needs_manual_review,False,False,False,False,False,True,True,True
53,2019,post_poll,national,,caste,,Regional,4.5,2019_post_poll_table_126.csv,,medium,False,duplicate_key|low_confidence|needs_manual_review,False,False,False,False,False,True,True,True
54,2019,post_poll,national,,caste,,Regional,5.0,2019_post_poll_table_127.csv,,medium,False,duplicate_key|low_confidence|needs_manual_review,False,False,False,False,False,True,True,True
55,2019,post_poll,national,,caste,,Regional,4.2,2019_post_poll_table_128.csv,,medium,False,duplicate_key|low_confidence|needs_manual_review,False,False,False,False,False,True,True,True
56,2019,post_poll,national,,caste,,Regional,4.7,2019_post_poll_table_129.csv,,medium,False,duplicate_key|low_confidence|needs_manual_review,False,False,False,False,False,True,True,True
57,2019,post_poll,national,,caste,,Regional,5.3,2019_post_poll_table_130.csv,,medium,False,duplicate_key|low_confidence|needs_manual_review,False,False,False,False,False,True,True,True
58,2019,post_poll,national,,caste,,Regional,4.6,2019_post_poll_table_132.csv,,medium,False,duplicate_key|low_confidence|needs_manual_review,False,False,False,False,False,True,True,True
59,2019,post_poll,national,,caste,,Regional,4.7,2019_post_poll_table_133.csv,,medium,False,duplicate_key|low_confidence|needs_manual_review,False,False,False,False,False,True,True,True
60,2019,post_poll,national,,caste,,Regional,5.1,2019_post_poll_table_134.csv,,medium,False,duplicate_key|low_confidence|needs_manual_review,False,False,False,False,False,True,True,True
61,2019,post_poll,national,,caste,,Regional,4.8,2019_post_poll_table_135.csv,,medium,False,duplicate_key|low_confidence|needs_manual_review,False,False,False,False,False,True,True,True
62,2019,post_poll,national,,caste,,Regional,5.3,2019_post_poll_table_137.csv,,medium,False,duplicate_key|low_confidence|needs_manual_review,False,False,False,False,False,True,True,True
63,2019,post_poll,national,,caste,,Regional,5.4,2019_post_poll_table_138.csv,,medium,False,duplicate_key|low_confidence|needs_manual_review,False,False,False,False,False,True,True,True
64,2019,post_poll,national,,caste,,Regional,4.8,2019_post_poll_table_139.csv,,medium,False,duplicate_key|low_confidence|needs_manual_review,False,False,False,False,False,True,True,True
65,2019,post_poll,national,,caste,,Regional,4.8,2019_post_poll_table_140.csv,,medium,False,duplicate_key|low_confidence|needs_manual_review,False,False,False,False,False,True,True,True
66,2019,post_poll,national,,caste,,Regional,7.1,2019_post_poll_table_141.csv,,medium,False,duplicate_key|low_confidence|needs_manual_review,False,False,False,False,False,True,True,True
67,2019,post_poll,national,,caste,,Regional,4.2,2019_post_poll_table_143.csv,,medium,False,duplicate_key|low_confidence|needs_manual_review,False,False,False,False,False,True,True,True
68,2019,post_poll,national,,caste,,Regional,2.0,2019_post_poll_table_144.csv,,medium,False,duplicate_key|low_confidence|needs_manual_review,False,False,False,False,False,True,True,True
69,2019,post_poll,national,,caste,Valid,INC,7.9,2019_post_poll_table_145.csv,,medium,False,duplicate_key|low_confidence|needs_manual_review,False,False,False,False,False,True,True,True
70,2019,post_poll,national,,caste,,Regional,2.1,2019_post_poll_table_145.csv,,medium,False,duplicate_key|low_confidence|needs_manual_review,False,False,False,False,False,True,True,True
71,2019,post_poll,national,,caste,,Regional,11.4,2019_post_poll_table_148.csv,,medium,False,duplicate_key|low_confidence|needs_manual_review,False,False,False,False,False,True,True,True
72,2019,post_poll,national,,caste,,Regional,4.4,2019_post_poll_table_149.csv,,medium,False,duplicate_key|low_confidence|needs_manual_review,False,False,False,False,False,True,True,True
73,2019,post_poll,national,,caste,,Regional,1.6,2019_post_poll_table_152.csv,,medium,False,duplicate_key|low_confidence|needs_manual_review,False,False,False,False,False,True,True,True
74,2019,post_poll,national,,caste,,Regional,2.7,2019_post_poll_table_153.csv,,medium,False,duplicate_key|low_confidence|needs_manual_review,False,False,False,False,False,True,True,True
75,2019,post_poll,national,,caste,,Regional,70.0,2019_post_poll_table_154.csv,,medium,False,duplicate_key|low_confidence|needs_manual_review,False,False,False,False,False,True,True,True
76,2019,post_poll,national,,caste,Valid,INC,17.8,2019_post_poll_table_156.csv,,medium,False,duplicate_key|low_confidence|needs_manual_review,False,False,False,False,False,True,True,True
77,2019,post_poll,national,,caste,,Regional,5.6,2019_post_poll_table_157.csv,,medium,False,duplicate_key|low_confidence|needs_manual_review,False,False,False,False,False,True,True,True
78,2019,post_poll,national,,caste,,Regional,4.9,2019_post_poll_table_158.csv,,medium,False,duplicate_key|low_confidence|needs_manual_review,False,False,False,False,False,True,True,True
79,2019,post_poll,national,,age,,UPA,27.0,2019_post_poll_table_160.csv,,medium,False,low_confidence|needs_manual_review,False,False,False,False,False,False,True,True
80,2019,post_poll,national,,age,,NDA,5.0,2019_post_poll_table_160.csv,,medium,False,low_confidence|needs_manual_review,False,False,False,False,False,False,True,True
81,2019,post_poll,national,,caste,,INDIA,12.0,2019_post_poll_table_161.csv,,medium,False,duplicate_key|low_confidence|needs_manual_review,False,False,False,False,False,True,True,True
82,2019,post_poll,national,,caste,,Regional,3.3,2019_post_poll_table_163.csv,,medium,False,duplicate_key|low_confidence|needs_manual_review,False,False,False,False,False,True,True,True
83,2019,post_poll,national,,caste,,Regional,3.5,2019_post_poll_table_165.csv,,medium,False,duplicate_key|low_confidence|needs_manual_review,False,False,False,False,False,True,True,True
84,2019,post_poll,national,,caste,,Regional,1.4,2019_post_poll_table_166.csv,,medium,False,duplicate_key|low_confidence|needs_manual_review,False,False,False,False,False,True,True,True
85,2019,post_poll,national,,caste,,Regional,1.9,2019_post_poll_table_167.csv,,medium,False,duplicate_key|low_confidence|needs_manual_review,False,False,False,False,False,True,True,True
86,2019,post_poll,national,,caste,,Regional,1.8,2019_post_poll_table_168.csv,,medium,False,duplicate_key|low_confidence|needs_manual_review,False,False,False,False,False,True,True,True
87,2019,post_poll,national,,caste,,Regional,1.7,2019_post_poll_table_169.csv,,medium,False,duplicate_key|low_confidence|needs_manual_review,False,False,False,False,False,True,True,True
88,2019,post_poll,national,,caste,,Regional,1.7,2019_post_poll_table_170.csv,,medium,False,duplicate_key|low_confidence|needs_manual_review,False,False,False,False,False,True,True,True
89,2019,post_poll,national,,caste,,Regional,1.8,2019_post_poll_table_171.csv,,medium,False,duplicate_key|low_confidence|needs_manual_review,False,False,False,False,False,True,True,True
90,2019,post_poll,national,,caste,,Regional,1.8,2019_post_poll_table_172.csv,,medium,False,duplicate_key|low_confidence|needs_manual_review,False,False,False,False,False,True,True,True
91,2019,post_poll,national,,caste,,Regional,2.0,2019_post_poll_table_173.csv,,medium,False,duplicate_key|low_confidence|needs_manual_review,False,False,False,False,False,True,True,True
92,2019,post_poll,national,,age,,INC,5.2,2019_post_poll_table_174.csv,,medium,False,low_confidence|needs_manual_review,False,False,False,False,False,False,True,True
93,2019,post_poll,national,,age,,Regional,6.9,2019_post_poll_table_174.csv,,medium,False,low_confidence|needs_manual_review,False,False,False,False,False,False,True,True
94,2019,post_poll,national,,caste,,Regional,5.8,2019_post_poll_table_175.csv,,medium,False,duplicate_key|low_confidence|needs_manual_review,False,False,False,False,False,True,True,True
95,2019,post_poll,national,,caste,Valid,Regional,35.3,2019_post_poll_table_176.csv,,medium,False,low_confidence|needs_manual_review,False,False,False,False,False,False,True,True
96,2019,post_poll,national,,caste,,Regional,1.8,2019_post_poll_table_177.csv,,medium,False,duplicate_key|low_confidence|needs_manual_review,False,False,False,False,False,True,True,True
97,2019,post_poll,national,,gender,,Others,10.0,2019_post_poll_table_181.csv,,medium,False,duplicate_key|low_confidence|needs_manual_review,False,False,False,False,False,True,True,True
98,2019,post_poll,national,,caste,,Others,87.0,2019_post_poll_table_184.csv,,medium,False,duplicate_key|low_confidence|needs_manual_review,False,False,False,False,False,True,True,True
99,2019,post_poll,national,,gender,,Others,60.0,2019_post_poll_table_185.csv,,medium,False,duplicate_key|low_confidence|needs_manual_review,False,False,False,False,False,True,True,True
100,2019,post_poll,national,,gender,,Regional,96.0,2019_post_poll_table_185.csv,,medium,False,duplicate_key|low_confidence|needs_manual_review,False,False,False,False,False,True,True,True
101,2019,post_poll,national,,caste,,Others,57.0,2019_post_poll_table_188.csv,,medium,False,duplicate_key|low_confidence|needs_manual_review,False,False,False,False,False,True,True,True
102,2019,post_poll,national,,gender,,Others,71.0,2019_post_poll_table_189.csv,,medium,False,duplicate_key|low_confidence|needs_manual_review,False,False,False,False,False,True,True,True
103,2019,post_poll,national,,gender,,Regional,86.0,2019_post_poll_table_189.csv,,medium,False,duplicate_key|low_confidence|needs_manual_review,False,False,False,False,False,True,True,True
104,2019,post_poll,national,,religion,,Others,60.0,2019_post_poll_table_193.csv,,medium,False,duplicate_key|low_confidence|needs_manual_review,False,False,False,False,False,True,True,True
105,2019,post_poll,national,,religion,,NDA,84.0,2019_post_poll_table_194.csv,,medium,False,low_confidence|needs_manual_review,False,False,False,False,False,False,True,True
106,2019,post_poll,national,,gender,,Others,3.0,2019_post_poll_table_197.csv,,medium,False,duplicate_key|low_confidence|needs_manual_review,False,False,False,False,False,True,True,True
107,2019,post_poll,national,,gender,,NDA,100.0,2019_post_poll_table_197.csv,,medium,False,duplicate_key|low_confidence|needs_manual_review,False,False,False,False,False,True,True,True
108,2019,post_poll,national,,caste,,NDA,7.0,2019_post_poll_table_198.csv,,medium,False,duplicate_key|low_confidence|needs_manual_review,False,False,False,False,False,True,True,True
109,2019,post_poll,national,,gender,,Others,62.0,2019_post_poll_table_201.csv,,medium,False,duplicate_key|low_confidence|needs_manual_review,False,False,False,False,False,True,True,True
110,2019,post_poll,national,,caste,,Others,43.6,2019_post_poll_table_202.csv,,medium,False,duplicate_key|low_confidence|needs_manual_review,False,False,False,False,False,True,True,True
111,2019,post_poll,national,,religion,,Others,3.4,2019_post_poll_table_207.csv,,medium,False,duplicate_key|low_confidence|needs_manual_review,False,False,False,False,False,True,True,True
112,2019,post_poll,national,,gender,,Others,10.0,2019_post_poll_table_213.csv,,medium,False,duplicate_key|low_confidence|needs_manual_review,False,False,False,False,False,True,True,True
113,2019,post_poll,national,,other,Valid,INC,6.0,2019_post_poll_table_248.csv,,medium,False,duplicate_key|low_confidence|needs_manual_review,False,False,False,False,False,True,True,True
114,2019,post_poll,national,,caste,,INC,63.0,2019_post_poll_table_305.csv,,medium,False,duplicate_key|low_confidence|needs_manual_review,False,False,False,False,False,True,True,True
115,2019,post_poll,national,,caste,,BJP,2.0,2019_post_poll_table_305.csv,,medium,False,duplicate_key|low_confidence|needs_manual_review,False,False,False,False,False,True,True,True
116,2019,post_poll,national,,caste,,Others,5.0,2019_post_poll_table_305.csv,,medium,False,duplicate_key|low_confidence|needs_manual_review,False,False,False,False,False,True,True,True
117,2019,post_poll,national,,caste,,Regional,97.0,2019_post_poll_table_305.csv,,medium,False,duplicate_key|low_confidence|needs_manual_review,False,False,False,False,False,True,True,True
118,2019,post_poll,national,,religion,,BJP,30.7,2019_post_poll_table_308.csv,,medium,False,duplicate_key|low_confidence|needs_manual_review,False,False,False,False,False,True,True,True
119,2019,post_poll,national,,religion,,Others,1.4,2019_post_poll_table_308.csv,,medium,False,duplicate_key|low_confidence|needs_manual_review,False,False,False,False,False,True,True,True
120,2019,post_poll,national,,religion,,Regional,46.0,2019_post_poll_table_308.csv,,medium,False,duplicate_key|low_confidence|needs_manual_review,False,False,False,False,False,True,True,True
121,2019,post_poll,national,,gender,,Others,33.0,2019_post_poll_table_422.csv,,medium,False,duplicate_key|low_confidence|needs_manual_review,False,False,False,False,False,True,True,True
122,2019,post_poll,national,,gender,,Regional,18.0,2019_post_poll_table_422.csv,,medium,False,duplicate_key|low_confidence|needs_manual_review,False,False,False,False,False,True,True,True
123,2019,post_poll,national,,gender,,INC,32.0,2019_post_poll_table_448.csv,,medium,False,low_confidence|needs_manual_review,False,False,False,False,False,False,True,True
124,2019,post_poll,national,,gender,,Regional,100.0,2019_post_poll_table_448.csv,,medium,False,duplicate_key|low_confidence|needs_manual_review,False,False,False,False,False,True,True,True
125,2019,post_poll,national,,gender,,Others,0.0,2019_post_poll_table_448.csv,,medium,False,duplicate_key|low_confidence|needs_manual_review,False,False,False,False,False,True,True,True
126,2019,post_poll,national,,religion,,Others,100.0,2019_post_poll_table_460.csv,,medium,False,duplicate_key|low_confidence|needs_manual_review,False,False,False,False,False,True,True,True
127,2019,post_poll,national,,religion,,Regional,28.0,2019_post_poll_table_460.csv,,medium,False,duplicate_key|low_confidence|needs_manual_review,False,False,False,False,False,True,True,True
128,2019,post_poll,national,,religion,,Others,100.0,2019_post_poll_table_462.csv,,medium,False,duplicate_key|low_confidence|needs_manual_review,False,False,False,False,False,True,True,True
129,2019,post_poll,national,,religion,,Regional,28.0,2019_post_poll_table_462.csv,,medium,False,duplicate_key|low_confidence|needs_manual_review,False,False,False,False,False,True,True,True
130,2019,post_poll,national,,gender,,Regional,38.0,2019_post_poll_table_484.csv,,medium,False,duplicate_key|low_confidence|needs_manual_review,False,False,False,False,False,True,True,True
131,2019,post_poll,national,,gender,,BJP,8.0,2019_post_poll_table_492.csv,,medium,False,duplicate_key|low_confidence|needs_manual_review,False,False,False,False,False,True,True,True
132,2019,post_poll,national,,gender,,NDA,64.0,2019_post_poll_table_492.csv,,medium,False,duplicate_key|low_confidence|needs_manual_review,False,False,False,False,False,True,True,True
133,2019,post_poll,national,,gender,,Others,10.0,2019_post_poll_table_492.csv,,medium,False,duplicate_key|low_confidence|needs_manual_review,False,False,False,False,False,True,True,True
134,2019,post_poll,national,,caste,,BJP,5.0,2019_post_poll_table_516.csv,,medium,False,duplicate_key|low_confidence|needs_manual_review,False,False,False,False,False,True,True,True
135,2019,post_poll,national,,caste,,INDIA,41.5,2019_post_poll_table_522.csv,,medium,False,duplicate_key|low_confidence|needs_manual_review,False,False,False,False,False,True,True,True
136,2019,post_poll,national,,caste,,Regional,15.5,2019_post_poll_table_522.csv,,medium,False,duplicate_key|low_confidence|needs_manual_review,False,False,False,False,False,True,True,True
137,2019,post_poll,national,,gender,,Regional,14.0,2019_post_poll_table_525.csv,,medium,False,duplicate_key|low_confidence|needs_manual_review,False,False,False,False,False,True,True,True
138,2019,post_poll,national,,religion,,INC,7.0,2019_post_poll_table_570.csv,,medium,False,duplicate_key|low_confidence|needs_manual_review,False,False,False,False,False,True,True,True
139,2019,post_poll,national,,religion,,BJP,4.0,2019_post_poll_table_570.csv,,medium,False,duplicate_key|low_confidence|needs_manual_review,False,False,False,False,False,True,True,True
140,2019,post_poll,national,,religion,,Others,3.0,2019_post_poll_table_570.csv,,medium,False,duplicate_key|low_confidence|needs_manual_review,False,False,False,False,False,True,True,True
141,2019,post_poll,national,,religion,,Regional,7.0,2019_post_poll_table_570.csv,,medium,False,duplicate_key|low_confidence|needs_manual_review,False,False,False,False,False,True,True,True
142,2019,post_poll,national,,religion,,INC,13.0,2019_post_poll_table_598.csv,,medium,False,duplicate_key|low_confidence|needs_manual_review,False,False,False,False,False,True,True,True
143,2019,post_poll,national,,religion,,Others,15.0,2019_post_poll_table_598.csv,,medium,False,duplicate_key|low_confidence|needs_manual_review,False,False,False,False,False,True,True,True
144,2019,post_poll,national,,religion,,Regional,45.0,2019_post_poll_table_598.csv,,medium,False,duplicate_key|low_confidence|needs_manual_review,False,False,False,False,False,True,True,True
145,2019,post_poll,national,,religion,,INC,21.0,2019_post_poll_table_623.csv,,medium,False,duplicate_key|low_confidence|needs_manual_review,False,False,False,False,False,True,True,True
146,2019,post_poll,national,,religion,,Others,12.0,2019_post_poll_table_623.csv,,medium,False,duplicate_key|low_confidence|needs_manual_review,False,False,False,False,False,True,True,True
147,2019,post_poll,national,,religion,,Regional,100.0,2019_post_poll_table_623.csv,,medium,False,duplicate_key|low_confidence|needs_manual_review,False,False,False,False,False,True,True,True
148,2019,post_poll,national,,gender,,BJP,65.0,2019_post_poll_table_637.csv,,medium,False,duplicate_key|low_confidence|needs_manual_review,False,False,False,False,False,True,True,True
149,2019,post_poll,national,,gender,,Regional,3.0,2019_post_poll_table_637.csv,,medium,False,duplicate_key|low_confidence|needs_manual_review,False,False,False,False,False,True,True,True
150,2019,post_poll,national,,gender,,Others,11.0,2019_post_poll_table_637.csv,,medium,False,duplicate_key|low_confidence|needs_manual_review,False,False,False,False,False,True,True,True
151,2019,post_poll,national,,gender,,Others,65.3,2019_post_poll_table_657.csv,,medium,False,duplicate_key|low_confidence|needs_manual_review,False,False,False,False,False,True,True,True
152,2019,post_poll,national,,caste,,Regional,19.1,2019_post_poll_table_679.csv,,medium,False,duplicate_key|low_confidence|needs_manual_review,False,False,False,False,False,True,True,True
153,2019,post_poll,national,,gender,,Others,4.0,2019_post_poll_table_708.csv,,medium,False,duplicate_key|low_confidence|needs_manual_review,False,False,False,False,False,True,True,True
154,2019,post_poll,national,,gender,,Regional,27.0,2019_post_poll_table_708.csv,,medium,False,duplicate_key|low_confidence|needs_manual_review,False,False,False,False,False,True,True,True
155,2019,post_poll,national,,caste,,Regional,48.0,2019_post_poll_table_719.csv,,medium,False,duplicate_key|low_confidence|needs_manual_review,False,False,False,False,False,True,True,True
156,2019,post_poll,national,,caste,,BJP,8.0,2019_post_poll_table_719.csv,,medium,False,duplicate_key|low_confidence|needs_manual_review,False,False,False,False,False,True,True,True
157,2019,post_poll,national,,caste,,Others,18.0,2019_post_poll_table_719.csv,,medium,False,duplicate_key|low_confidence|needs_manual_review,False,False,False,False,False,True,True,True
158,2019,post_poll,national,,gender,,Others,20.0,2019_post_poll_table_763.csv,,medium,False,duplicate_key|low_confidence|needs_manual_review,False,False,False,False,False,True,True,True
159,2019,post_poll,national,,gender,,Regional,76.0,2019_post_poll_table_763.csv,,medium,False,duplicate_key|low_confidence|needs_manual_review,False,False,False,False,False,True,True,True
160,2019,post_poll,national,,caste,,Regional,84.0,2019_post_poll_table_764.csv,,medium,False,duplicate_key|low_confidence|needs_manual_review,False,False,False,False,False,True,True,True
161,2019,post_poll,national,,caste,,Regional,96.0,2019_post_poll_table_766.csv,,medium,False,duplicate_key|low_confidence|needs_manual_review,False,False,False,False,False,True,True,True
162,2019,post_poll,national,,caste,,Regional,3.6,2019_post_poll_table_767.csv,,medium,False,duplicate_key|low_confidence|needs_manual_review,False,False,False,False,False,True,True,True
163,2019,post_poll,national,,caste,,Regional,99.0,2019_post_poll_table_768.csv,,medium,False,duplicate_key|low_confidence|needs_manual_review,False,False,False,False,False,True,True,True
164,2019,post_poll,national,,caste,,Regional,4.0,2019_post_poll_table_771.csv,,medium,False,duplicate_key|low_confidence|needs_manual_review,False,False,False,False,False,True,True,True
165,2019,post_poll,national,,gender,,BJP,32.0,2019_post_poll_table_786.csv,,medium,False,duplicate_key|low_confidence|needs_manual_review,False,False,False,False,False,True,True,True
166,2019,post_poll,national,,gender,,Regional,7.0,2019_post_poll_table_786.csv,,medium,False,duplicate_key|low_confidence|needs_manual_review,False,False,False,False,False,True,True,True
167,2019,post_poll,national,,other,Valid,INC,32.0,2019_post_poll_table_839.csv,,medium,False,duplicate_key|low_confidence|needs_manual_review,False,False,False,False,False,True,True,True
168,2019,post_poll,national,,other,Valid,INC,44.0,2019_post_poll_table_867.csv,,medium,False,duplicate_key|low_confidence|needs_manual_review,False,False,False,False,False,True,True,True
169,2019,pre_poll,national,,age,,INC,15.3,2019_pre_poll_table_016.csv,,medium,False,duplicate_key|low_confidence|needs_manual_review,False,False,False,False,False,True,True,True
170,2019,pre_poll,national,,age,,INC,17.4,2019_pre_poll_table_017.csv,,medium,False,duplicate_key|low_confidence|needs_manual_review,False,False,False,False,False,True,True,True
171,2019,pre_poll,national,,age,,Regional,2.6,2019_pre_poll_table_017.csv,,medium,False,duplicate_key|low_confidence|needs_manual_review,False,False,False,False,False,True,True,True
172,2019,pre_poll,national,,age,,Others,1.1,2019_pre_poll_table_025.csv,,medium,False,duplicate_key|low_confidence|needs_manual_review,False,False,False,False,False,True,True,True
173,2019,pre_poll,national,,religion,,Others,1.5,2019_pre_poll_table_027.csv,,medium,False,duplicate_key|low_confidence|needs_manual_review,False,False,False,False,False,True,True,True
174,2019,pre_poll,national,,religion,,Regional,3.1,2019_pre_poll_table_027.csv,,medium,False,low_confidence|needs_manual_review,False,False,False,False,False,False,True,True
175,2019,pre_poll,national,,gender,,INC,63.0,2019_pre_poll_table_034.csv,,medium,False,duplicate_key|low_confidence|needs_manual_review,False,False,False,False,False,True,True,True
176,2019,pre_poll,national,,gender,,Regional,19.0,2019_pre_poll_table_035.csv,,medium,False,duplicate_key|low_confidence|needs_manual_review,False,False,False,False,False,True,True,True
177,2019,pre_poll,national,,gender,,BJP,40.0,2019_pre_poll_table_035.csv,,medium,False,low_confidence|needs_manual_review,False,False,False,False,False,False,True,True
178,2019,pre_poll,national,,gender,,INC,9.0,2019_pre_poll_table_035.csv,,medium,False,duplicate_key|low_confidence|needs_manual_review,False,False,False,False,False,True,True,True
179,2019,pre_poll,national,,gender,,Others,33.0,2019_pre_poll_table_035.csv,,medium,False,duplicate_key|low_confidence|needs_manual_review,False,False,False,False,False,True,True,True
180,2019,pre_poll,national,,gender,,Regional,18.0,2019_pre_poll_table_036.csv,,medium,False,duplicate_key|low_confidence|needs_manual_review,False,False,False,False,False,True,True,True
181,2019,pre_poll,national,,gender,,Others,13.0,2019_pre_poll_table_036.csv,,medium,False,duplicate_key|low_confidence|needs_manual_review,False,False,False,False,False,True,True,True
182,2019,pre_poll,national,,gender,,Regional,35.0,2019_pre_poll_table_037.csv,,medium,False,duplicate_key|low_confidence|needs_manual_review,False,False,False,False,False,True,True,True
183,2019,pre_poll,national,,age,,INDIA,6.0,2019_pre_poll_table_038.csv,,medium,False,low_confidence|needs_manual_review,False,False,False,False,False,False,True,True
184,2019,pre_poll,national,,gender,,Regional,3.3,2019_pre_poll_table_041.csv,,medium,False,duplicate_key|low_confidence|needs_manual_review,False,False,False,False,False,True,True,True
185,2019,pre_poll,national,,gender,,Others,3.4,2019_pre_poll_table_043.csv,,medium,False,duplicate_key|low_confidence|needs_manual_review,False,False,False,False,False,True,True,True
186,2019,pre_poll,national,,gender,,Regional,4.7,2019_pre_poll_table_057.csv,,medium,False,duplicate_key|low_confidence|needs_manual_review,False,False,False,False,False,True,True,True
187,2019,pre_poll,national,,caste,,Regional,8.2,2019_pre_poll_table_062.csv,,medium,False,low_confidence|needs_manual_review,False,False,False,False,False,False,True,True
188,2019,pre_poll,national,,gender,,Regional,2.0,2019_pre_poll_table_070.csv,,medium,False,duplicate_key|low_confidence|needs_manual_review,False,False,False,False,False,True,True,True
189,2019,pre_poll,national,,gender,,Others,1.6,2019_pre_poll_table_076.csv,,medium,False,duplicate_key|low_confidence|needs_manual_review,False,False,False,False,False,True,True,True
190,2019,pre_poll,national,,gender,,Regional,18.5,2019_pre_poll_table_076.csv,,medium,False,duplicate_key|low_confidence|needs_manual_review,False,False,False,False,False,True,True,True
191,2019,pre_poll,national,,gender,,INDIA,4.3,2019_pre_poll_table_084.csv,,medium,False,low_confidence|needs_manual_review,False,False,False,False,False,False,True,True
192,2019,pre_poll,national,,gender,,Others,2.7,2019_pre_poll_table_084.csv,,medium,False,duplicate_key|low_confidence|needs_manual_review,False,False,False,False,False,True,True,True
193,2019,pre_poll,national,,gender,,Regional,6.8,2019_pre_poll_table_084.csv,,medium,False,duplicate_key|low_confidence|needs_manual_review,False,False,False,False,False,True,True,True
194,2019,pre_poll,national,,gender,,Others,20.0,2019_pre_poll_table_086.csv,,medium,False,duplicate_key|low_confidence|needs_manual_review,False,False,False,False,False,True,True,True
195,2019,pre_poll,national,,caste,,Others,10.0,2019_pre_poll_table_088.csv,,medium,False,duplicate_key|low_confidence|needs_manual_review,False,False,False,False,False,True,True,True
196,2019,pre_poll,national,,gender,,Others,34.0,2019_pre_poll_table_089.csv,,medium,False,duplicate_key|low_confidence|needs_manual_review,False,False,False,False,False,True,True,True
197,2019,pre_poll,national,,gender,,Regional,48.0,2019_pre_poll_table_089.csv,,medium,False,duplicate_key|low_confidence|needs_manual_review,False,False,False,False,False,True,True,True
198,2019,pre_poll,national,,gender,,Others,88.0,2019_pre_poll_table_091.csv,,medium,False,duplicate_key|low_confidence|needs_manual_review,False,False,False,False,False,True,True,True
199,2019,pre_poll,national,,gender,,UPA,44.0,2019_pre_poll_table_091.csv,,medium,False,low_confidence|needs_manual_review,False,False,False,False,False,False,True,True
200,2019,pre_poll,national,,caste,,Others,7.0,2019_pre_poll_table_093.csv,,medium,False,duplicate_key|low_confidence|needs_manual_review,False,False,False,False,False,True,True,True
201,2019,pre_poll,national,,age,,Others,36.0,2019_pre_poll_table_094.csv,,medium,False,duplicate_key|low_confidence|needs_manual_review,False,False,False,False,False,True,True,True
202,2019,pre_poll,national,,age,,Regional,41.0,2019_pre_poll_table_094.csv,,medium,False,duplicate_key|low_confidence|needs_manual_review,False,False,False,False,False,True,True,True
203,2019,pre_poll,national,,caste,,Others,72.0,2019_pre_poll_table_095.csv,,medium,False,duplicate_key|low_confidence|needs_manual_review,False,False,False,False,False,True,True,True
204,2019,pre_poll,national,,religion,,Others,30.0,2019_pre_poll_table_102.csv,,medium,False,duplicate_key|low_confidence|needs_manual_review,False,False,False,False,False,True,True,True
205,2019,pre_poll,national,,caste,,Others,42.6,2019_pre_poll_table_105.csv,,medium,False,duplicate_key|low_confidence|needs_manual_review,False,False,False,False,False,True,True,True
206,2019,pre_poll,national,,religion,,NDA,6.0,2019_pre_poll_table_106.csv,,medium,False,low_confidence|needs_manual_review,False,False,False,False,False,False,True,True
207,2019,pre_poll,national,,gender,,NDA,73.0,2019_pre_poll_table_107.csv,,medium,False,low_confidence|needs_manual_review,False,False,False,False,False,False,True,True
208,2019,pre_poll,national,,gender,,Others,42.0,2019_pre_poll_table_107.csv,,medium,False,duplicate_key|low_confidence|needs_manual_review,False,False,False,False,False,True,True,True
209,2019,pre_poll,national,,gender,,Others,2.0,2019_pre_poll_table_110.csv,,medium,False,duplicate_key|low_confidence|needs_manual_review,False,False,False,False,False,True,True,True
210,2019,pre_poll,national,,caste,,NDA,22.0,2019_pre_poll_table_111.csv,,medium,False,duplicate_key|low_confidence|needs_manual_review,False,False,False,False,False,True,True,True
211,2019,pre_poll,national,,caste,,Others,50.0,2019_pre_poll_table_113.csv,,medium,False,duplicate_key|low_confidence|needs_manual_review,False,False,False,False,False,True,True,True
212,2019,pre_poll,national,,caste,,NDA,33.0,2019_pre_poll_table_113.csv,,medium,False,duplicate_key|low_confidence|needs_manual_review,False,False,False,False,False,True,True,True
213,2019,pre_poll,national,,caste,,NDA,100.0,2019_pre_poll_table_114.csv,,medium,False,duplicate_key|low_confidence|needs_manual_review,False,False,False,False,False,True,True,True
214,2019,pre_poll,national,,caste,,Others,38.0,2019_pre_poll_table_114.csv,,medium,False,duplicate_key|low_confidence|needs_manual_review,False,False,False,False,False,True,True,True
215,2019,pre_poll,national,,religion,,Others,2.0,2019_pre_poll_table_115.csv,,medium,False,duplicate_key|low_confidence|needs_manual_review,False,False,False,False,False,True,True,True
216,2019,pre_poll,national,,religion,,Others,7.0,2019_pre_poll_table_120.csv,,medium,False,duplicate_key|low_confidence|needs_manual_review,False,False,False,False,False,True,True,True
217,2019,pre_poll,national,,gender,,Others,10.0,2019_pre_poll_table_128.csv,,medium,False,duplicate_key|low_confidence|needs_manual_review,False,False,False,False,False,True,True,True
218,2024,post_poll,national,,caste,,INDIA,45.0,2024_post_poll_table_004.csv,,medium,False,duplicate_key|low_confidence|needs_manual_review,False,False,False,False,False,True,True,True
219,2024,post_poll,national,,caste,,Regional,6.0,2024_post_poll_table_004.csv,,medium,False,duplicate_key|low_confidence|needs_manual_review,False,False,False,False,False,True,True,True
220,2024,post_poll,national,,religion,,INDIA,67.0,2024_post_poll_table_005.csv,,medium,False,duplicate_key|low_confidence|needs_manual_review,False,False,False,False,False,True,True,True
221,2024,post_poll,national,,religion,,INC,57.0,2024_post_poll_table_005.csv,,medium,False,duplicate_key|low_confidence|needs_manual_review,False,False,False,False,False,True,True,True
222,2024,post_poll,national,,religion,,Others,76.0,2024_post_poll_table_005.csv,,medium,False,duplicate_key|low_confidence|needs_manual_review,False,False,False,False,False,True,True,True
223,2024,post_poll,national,,age,,Others,53.0,2024_post_poll_table_009.csv,,medium,False,duplicate_key|low_confidence|needs_manual_review,False,False,False,False,False,True,True,True
224,2024,post_poll,national,,gender,,INDIA,1.8,2024_post_poll_table_017.csv,,medium,False,duplicate_key|low_confidence|needs_manual_review,False,False,False,False,False,True,True,True
225,2024,post_poll,national,,gender,,Others,2.6,2024_post_poll_table_018.csv,,medium,False,duplicate_key|low_confidence|needs_manual_review,False,False,False,False,False,True,True,True
226,2024,post_poll,national,,gender,,INC,11.2,2024_post_poll_table_019.csv,,medium,False,duplicate_key|low_confidence|needs_manual_review,False,False,False,False,False,True,True,True
227,2024,post_poll,national,,gender,,INDIA,70.0,2024_post_poll_table_019.csv,,medium,False,duplicate_key|low_confidence|needs_manual_review,False,False,False,False,False,True,True,True
228,2024,post_poll,national,,gender,,INC,21.0,2024_post_poll_table_020.csv,,medium,False,duplicate_key|low_confidence|needs_manual_review,False,False,False,False,False,True,True,True
229,2024,post_poll,national,,caste,,INDIA,3.0,2024_post_poll_table_024.csv,,medium,False,duplicate_key|low_confidence|needs_manual_review,False,False,False,False,False,True,True,True
230,2024,post_poll,national,,caste,,INC,29.0,2024_post_poll_table_024.csv,,medium,False,low_confidence|needs_manual_review,False,False,False,False,False,False,True,True
231,2024,post_poll,national,,caste,,Regional,47.0,2024_post_poll_table_024.csv,,medium,False,duplicate_key|low_confidence|needs_manual_review,False,False,False,False,False,True,True,True
232,2024,post_poll,national,,religion,,INDIA,73.0,2024_post_poll_table_025.csv,,medium,False,duplicate_key|low_confidence|needs_manual_review,False,False,False,False,False,True,True,True
233,2024,post_poll,national,,religion,,Regional,88.0,2024_post_poll_table_025.csv,,medium,False,low_confidence|needs_manual_review,False,False,False,False,False,False,True,True
234,2024,post_poll,national,,religion,,INC,88.0,2024_post_poll_table_025.csv,,medium,False,duplicate_key|low_confidence|needs_manual_review,False,False,False,False,False,True,True,True
235,2024,post_poll,national,,gender,,Regional,6.9,2024_post_poll_table_028.csv,,medium,False,duplicate_key|low_confidence|needs_manual_review,False,False,False,False,False,True,True,True
236,2024,post_poll,national,,gender,,Regional,9.8,2024_post_poll_table_047.csv,,medium,False,duplicate_key|low_confidence|needs_manual_review,False,False,False,False,False,True,True,True
237,2024,post_poll,national,,caste,,Regional,3.1,2024_post_poll_table_052.csv,,medium,False,duplicate_key|low_confidence|needs_manual_review,False,False,False,False,False,True,True,True
238,2024,post_poll,national,,caste,,Regional,4.1,2024_post_poll_table_053.csv,,medium,False,duplicate_key|low_confidence|needs_manual_review,False,False,False,False,False,True,True,True
239,2024,post_poll,national,,caste,,Regional,5.9,2024_post_poll_table_054.csv,,medium,False,duplicate_key|low_confidence|needs_manual_review,False,False,False,False,False,True,True,True
240,2024,post_poll,national,,caste,,Regional,6.0,2024_post_poll_table_055.csv,,medium,False,duplicate_key|low_confidence|needs_manual_review,False,False,False,False,False,True,True,True
241,2024,post_poll,national,,caste,,Regional,5.6,2024_post_poll_table_056.csv,,medium,False,duplicate_key|low_confidence|needs_manual_review,False,False,False,False,False,True,True,True
242,2024,post_poll,national,,caste,,Regional,6.8,2024_post_poll_table_057.csv,,medium,False,duplicate_key|low_confidence|needs_manual_review,False,False,False,False,False,True,True,True
243,2024,post_poll,national,,gender,,Regional,61.0,2024_post_poll_table_063.csv,,medium,False,duplicate_key|low_confidence|needs_manual_review,False,False,False,False,False,True,True,True
244,2024,post_poll,national,,gender,,Others,87.0,2024_post_poll_table_063.csv,,medium,False,duplicate_key|low_confidence|needs_manual_review,False,False,False,False,False,True,True,True
245,2024,post_poll,national,,gender,,INDIA,1.5,2024_post_poll_table_065.csv,,medium,False,duplicate_key|low_confidence|needs_manual_review,False,False,False,False,False,True,True,True
246,2024,post_poll,national,,gender,,Others,40.0,2024_post_poll_table_065.csv,,medium,False,duplicate_key|low_confidence|needs_manual_review,False,False,False,False,False,True,True,True
247,2024,post_poll,national,,gender,,Others,40.0,2024_post_poll_table_067.csv,,medium,False,duplicate_key|low_confidence|needs_manual_review,False,False,False,False,False,True,True,True
248,2024,post_poll,national,,gender,,NDA,12.8,2024_post_poll_table_068.csv,,medium,False,low_confidence|needs_manual_review,False,False,False,False,False,False,True,True
249,2024,post_poll,national,,caste,,Others,74.0,2024_post_poll_table_069.csv,,medium,False,duplicate_key|low_confidence|needs_manual_review,False,False,False,False,False,True,True,True
250,2024,post_poll,national,,caste,,Others,2.7,2024_post_poll_table_072.csv,,medium,False,duplicate_key|low_confidence|needs_manual_review,False,False,False,False,False,True,True,True
251,2024,post_poll,national,,age,,Others,1.6,2024_post_poll_table_075.csv,,medium,False,duplicate_key|low_confidence|needs_manual_review,False,False,False,False,False,True,True,True
252,2024,post_poll,national,,caste,,NDA,2.0,2024_post_poll_table_080.csv,,medium,False,duplicate_key|low_confidence|needs_manual_review,False,False,False,False,False,True,True,True
253,2024,post_poll,national,,age,,Others,100.0,2024_post_poll_table_083.csv,,medium,False,duplicate_key|low_confidence|needs_manual_review,False,False,False,False,False,True,True,True
254,2024,post_poll,national,,age,,NDA,100.0,2024_post_poll_table_083.csv,,medium,False,low_confidence|needs_manual_review,False,False,False,False,False,False,True,True
255,2024,post_poll,national,,caste,,NDA,8.0,2024_post_poll_table_084.csv,,medium,False,duplicate_key|low_confidence|needs_manual_review,False,False,False,False,False,True,True,True
256,2024,post_poll,national,,religion,,Others,39.2,2024_post_poll_table_088.csv,,medium,False,duplicate_key|low_confidence|needs_manual_review,False,False,False,False,False,True,True,True
257,2024,post_poll,national,,religion,,Others,25.0,2024_post_poll_table_089.csv,,medium,False,duplicate_key|low_confidence|needs_manual_review,False,False,False,False,False,True,True,True
258,2024,post_poll,national,,gender,,Others,24.4,2024_post_poll_table_093.csv,,medium,False,duplicate_key|low_confidence|needs_manual_review,False,False,False,False,False,True,True,True
259,2024,post_poll,national,,gender,,Regional,70.0,2024_post_poll_table_093.csv,,medium,False,duplicate_key|low_confidence|needs_manual_review,False,False,False,False,False,True,True,True
260,2024,pre_poll,national,,caste,,INC,70.7,2024_pre_poll_table_010.csv,,medium,False,duplicate_key|low_confidence|needs_manual_review,False,False,False,False,False,True,True,True
261,2024,pre_poll,national,,gender,Valid,INDIA,11.0,2024_pre_poll_table_014.csv,,medium,False,low_confidence|needs_manual_review,False,False,False,False,False,False,True,True
262,2024,pre_poll,national,,gender,,NDA,6.0,2024_pre_poll_table_014.csv,,medium,False,low_confidence|needs_manual_review,False,False,False,False,False,False,True,True
263,2024,pre_poll,national,,gender,,Others,20.0,2024_pre_poll_table_014.csv,,medium,False,duplicate_key|low_confidence|needs_manual_review,False,False,False,False,False,True,True,True
264,2024,pre_poll,national,,religion,,INC,24.1,2024_pre_poll_table_016.csv,,medium,False,low_confidence|needs_manual_review,False,False,False,False,False,False,True,True
265,2024,pre_poll,national,,caste,,INC,23.6,2024_pre_poll_table_019.csv,,medium,False,duplicate_key|low_confidence|needs_manual_review,False,False,False,False,False,True,True,True
266,2024,pre_poll,national,,caste,,INC,55.1,2024_pre_poll_table_020.csv,,medium,False,duplicate_key|low_confidence|needs_manual_review,False,False,False,False,False,True,True,True
267,2024,pre_poll,national,,age,,INC,28.0,2024_pre_poll_table_023.csv,,medium,False,duplicate_key|low_confidence|needs_manual_review,False,False,False,False,False,True,True,True
268,2024,pre_poll,national,,gender,,Regional,15.9,2024_pre_poll_table_031.csv,,medium,False,duplicate_key|low_confidence|needs_manual_review,False,False,False,False,False,True,True,True
269,2024,pre_poll,national,,religion,,Others,49.4,2024_pre_poll_table_032.csv,,medium,False,duplicate_key|low_confidence|needs_manual_review,False,False,False,False,False,True,True,True
270,2024,pre_poll,national,,caste,,INDIA,1.7,2024_pre_poll_table_037.csv,,medium,False,duplicate_key|low_confidence|needs_manual_review,False,False,False,False,False,True,True,True
271,2024,pre_poll,national,,caste,,Others,50.0,2024_pre_poll_table_037.csv,,medium,False,duplicate_key|low_confidence|needs_manual_review,False,False,False,False,False,True,True,True
272,2024,pre_poll,national,,caste,,Regional,2.3,2024_pre_poll_table_037.csv,,medium,False,duplicate_key|low_confidence|needs_manual_review,False,False,False,False,False,True,True,True
273,2024,pre_poll,national,,gender,,Regional,38.0,2024_pre_poll_table_039.csv,,medium,False,duplicate_key|low_confidence|needs_manual_review,False,False,False,False,False,True,True,True
274,2024,pre_poll,national,,gender,,Others,54.0,2024_pre_poll_table_039.csv,,medium,False,duplicate_key|low_confidence|needs_manual_review,False,False,False,False,False,True,True,True
275,2024,pre_poll,national,,gender,,INDIA,7.7,2024_pre_poll_table_041.csv,,medium,False,duplicate_key|low_confidence|needs_manual_review,False,False,False,False,False,True,True,True
276,2024,pre_poll,national,,gender,,Regional,4.9,2024_pre_poll_table_041.csv,,medium,False,duplicate_key|low_confidence|needs_manual_review,False,False,False,False,False,True,True,True
277,2024,pre_poll,national,,gender,,Others,1.4,2024_pre_poll_table_041.csv,,medium,False,duplicate_key|low_confidence|needs_manual_review,False,False,False,False,False,True,True,True
278,2024,pre_poll,national,,gender,,INC,22.6,2024_pre_poll_table_042.csv,,medium,False,low_confidence|needs_manual_review,False,False,False,False,False,False,True,True
279,2024,pre_poll,national,,gender,,Regional,1.5,2024_pre_poll_table_042.csv,,medium,False,duplicate_key|low_confidence|needs_manual_review,False,False,False,False,False,True,True,True
280,2024,pre_poll,national,,gender,,Others,96.0,2024_pre_poll_table_043.csv,,medium,False,duplicate_key|low_confidence|needs_manual_review,False,False,False,False,False,True,True,True
281,2024,pre_poll,national,,religion,,INDIA,10.9,2024_pre_poll_table_045.csv,,medium,False,low_confidence|needs_manual_review,False,False,False,False,False,False,True,True
282,2024,pre_poll,national,,religion,,Others,56.5,2024_pre_poll_table_046.csv,,medium,False,duplicate_key|low_confidence|needs_manual_review,False,False,False,False,False,True,True,True
283,2024,pre_poll,national,,religion,,Others,21.2,2024_pre_poll_table_047.csv,,medium,False,duplicate_key|low_confidence|needs_manual_review,False,False,False,False,False,True,True,True
284,2024,pre_poll,national,,caste,,INDIA,21.0,2024_pre_poll_table_055.csv,,medium,False,duplicate_key|low_confidence|needs_manual_review,False,False,False,False,False,True,True,True
285,2024,pre_poll,national,,caste,,INC,15.0,2024_pre_poll_table_055.csv,,medium,False,duplicate_key|low_confidence|needs_manual_review,False,False,False,False,False,True,True,True
286,2024,pre_poll,national,,caste,,INC,48.0,2024_pre_poll_table_056.csv,,medium,False,duplicate_key|low_confidence|needs_manual_review,False,False,False,False,False,True,True,True
287,2024,pre_poll,national,,caste,,Regional,69.0,2024_pre_poll_table_056.csv,,medium,False,duplicate_key|low_confidence|needs_manual_review,False,False,False,False,False,True,True,True
288,2024,pre_poll,national,,caste,,INDIA,15.0,2024_pre_poll_table_056.csv,,medium,False,duplicate_key|low_confidence|needs_manual_review,False,False,False,False,False,True,True,True
289,2024,pre_poll,national,,caste,,Others,71.0,2024_pre_poll_table_056.csv,,medium,False,duplicate_key|low_confidence|needs_manual_review,False,False,False,False,False,True,True,True
290,2024,pre_poll,national,,age,,INC,2.4,2024_pre_poll_table_059.csv,,medium,False,duplicate_key|low_confidence|needs_manual_review,False,False,False,False,False,True,True,True
291,2024,pre_poll,national,,caste,,Regional,7.7,2024_pre_poll_table_062.csv,,medium,False,duplicate_key|low_confidence|needs_manual_review,False,False,False,False,False,True,True,True
292,2024,pre_poll,national,,region,,Others,56.0,2024_pre_poll_table_072.csv,,medium,False,low_confidence|needs_manual_review,False,False,False,False,False,False,True,True
293,2024,pre_poll,national,,age,,INC,21.5,2024_pre_poll_table_074.csv,,medium,False,duplicate_key|low_confidence|needs_manual_review,False,False,False,False,False,True,True,True
294,2024,pre_poll,national,,caste,,BJP,24.3,2024_pre_poll_table_077.csv,,medium,False,low_confidence|needs_manual_review,False,False,False,False,False,False,True,True
295,2024,pre_poll,national,,other,Valid,Others,21.1,2024_pre_poll_table_078.csv,,medium,False,low_confidence|needs_manual_review,False,False,False,False,False,False,True,True
296,2024,pre_poll,national,,age,,BJP,20.7,2024_pre_poll_table_079.csv,,medium,False,low_confidence|needs_manual_review,False,False,False,False,False,False,True,True
297,2024,pre_poll,national,,gender,,INDIA,1.8,2024_pre_poll_table_081.csv,,medium,False,duplicate_key|low_confidence|needs_manual_review,False,False,False,False,False,True,True,True
298,2024,pre_poll,national,,gender,,Others,5.5,2024_pre_poll_table_081.csv,,medium,False,duplicate_key|low_confidence|needs_manual_review,False,False,False,False,False,True,True,True
299,2024,pre_poll,national,,gender,,Others,0.0,2024_pre_poll_table_083.csv,,medium,False,duplicate_key|low_confidence|needs_manual_review,False,False,False,False,False,True,True,True
300,2024,pre_poll,national,,age,,Others,30.0,2024_pre_poll_table_084.csv,,medium,False,low_confidence|needs_manual_review,False,False,False,False,False,False,True,True
301,2024,pre_poll,national,,gender,,Others,4.4,2024_pre_poll_table_088.csv,,medium,False,duplicate_key|low_confidence|needs_manual_review,False,False,False,False,False,True,True,True
302,2024,pre_poll,national,,gender,,Others,2.7,2024_pre_poll_table_091.csv,,medium,False,duplicate_key|low_confidence|needs_manual_review,False,False,False,False,False,True,True,True
303,2024,pre_poll,national,,caste,,Others,8.1,2024_pre_poll_table_092.csv,,medium,False,duplicate_key|low_confidence|needs_manual_review,False,False,False,False,False,True,True,True
304,2024,pre_poll,national,,caste,,NDA,30.0,2024_pre_poll_table_092.csv,,medium,False,low_confidence|needs_manual_review,False,False,False,False,False,False,True,True
305,2024,pre_poll,national,,caste,,Regional,1.2,2024_pre_poll_table_092.csv,,medium,False,duplicate_key|low_confidence|needs_manual_review,False,False,False,False,False,True,True,True
306,2024,pre_poll,national,,religion,,Others,46.1,2024_pre_poll_table_093.csv,,medium,False,duplicate_key|low_confidence|needs_manual_review,False,False,False,False,False,True,True,True
307,2024,pre_poll,national,,gender,,Others,28.1,2024_pre_poll_table_097.csv,,medium,False,duplicate_key|low_confidence|needs_manual_review,False,False,False,False,False,True,True,True
