party,candidate_count,party_type,alliance_2019,ideology,region
IND,3461,independent,OTHER,independent,local
NOTA,543,nota,NONE,none,none
BJP,436,national,NDA,centre-right,national
INC,421,national,INDIA,centre-left,national
BSP,383,national,OTHER,bahujan_social_justice,uttar_pradesh
BMUP,119,unknown,OTHER,unknown,unknown
SUCI(C),113,unknown,OTHER,unknown,unknown
CPIM,98,unknown,OTHER,unknown,unknown
SHS,98,regional,NDA,marathi_regionalist,maharashtra
PSPL,83,unknown,OTHER,unknown,unknown
APoI,77,unknown,OTHER,unknown,unknown
AITC,62,regional,INDIA,centre,west_bengal
PPID,56,unknown,OTHER,unknown,unknown
BHAPRAP,52,unknown,OTHER,unknown,unknown
CPI,49,national,INDIA,far-left,national
SP,49,regional,INDIA,socialist,uttar_pradesh
PPOI,48,unknown,OTHER,unknown,unknown
HND,47,unknown,OTHER,unknown,unknown
VBA,47,unknown,OTHER,unknown,unknown
NTK,39,unknown,OTHER,unknown,unknown
MNM,37,unknown,OTHER,unknown,unknown
AAAP,35,national,INDIA,welfare_populist,delhi_punjab
AIFB,35,unknown,OTHER,unknown,unknown
BSCP,35,unknown,OTHER,unknown,unknown
RPI(A),34,unknown,OTHER,unknown,unknown
NCP,34,regional,NDA,regional_centre,maharashtra
BARESP,27,unknown,OTHER,unknown,unknown
UPJP,27,unknown,OTHER,unknown,unknown
YSRCP,25,regional,OTHER,regional_centre,andhra_pradesh
TDP,25,regional,NDA,regional_centre,andhra_pradesh
JD(U),25,regional,NDA,regional_centre,bihar
JnP,24,regional,NDA,regional_centre,andhra_pradesh
SBSP,24,unknown,OTHER,unknown,unknown
DMK,24,regional,INDIA,dravidian,tamil_nadu
CPI(ML)(L),22,national,INDIA,far-left,national
GGP,22,unknown,OTHER,unknown,unknown
AAPP,22,unknown,OTHER,unknown,unknown
ADMK,22,unknown,OTHER,unknown,unknown
ANC,21,unknown,OTHER,unknown,unknown
RJD,21,regional,INDIA,social_justice,bihar
BJD,21,regional,OTHER,regional_centre,odisha
BAHUMP,20,unknown,OTHER,unknown,unknown
VPI,20,unknown,OTHER,unknown,unknown
JANADIP,19,unknown,OTHER,unknown,unknown
BTP,19,unknown,OTHER,unknown,unknown
TRS,17,unknown,OTHER,unknown,unknown
TNLK,16,unknown,OTHER,unknown,unknown
SDPI,14,unknown,OTHER,unknown,unknown
PUJP,14,unknown,OTHER,unknown,unknown
BKNP,14,unknown,OTHER,unknown,unknown
RTORP,14,unknown,OTHER,unknown,unknown
PECP,14,unknown,OTHER,unknown,unknown
JMM,13,regional,INDIA,tribal_regional,jharkhand
MADP,13,unknown,OTHER,unknown,unknown
RJBP,13,unknown,OTHER,unknown,unknown
IPBP,12,unknown,OTHER,unknown,unknown
SPAKP,12,unknown,OTHER,unknown,unknown
SMFB,11,unknown,OTHER,unknown,unknown
NPEP,11,unknown,OTHER,unknown,unknown
JPJD,11,unknown,OTHER,unknown,unknown
RSPS,11,unknown,OTHER,unknown,unknown
ACDP,11,unknown,OTHER,unknown,unknown
BMFP,10,unknown,OTHER,unknown,unknown
INLD,10,unknown,OTHER,unknown,unknown
DMSK,10,unknown,OTHER,unknown,unknown
SAD,10,unknown,OTHER,unknown,unknown
IUML,9,regional,INDIA,muslim_minority,kerala
JD(S),9,regional,NDA,regional_centre,karnataka
RUC,9,unknown,OTHER,unknown,unknown
PBI,9,unknown,OTHER,unknown,unknown
HSS,9,unknown,OTHER,unknown,unknown
AMB,9,unknown,OTHER,unknown,unknown
HBP,9,unknown,OTHER,unknown,unknown
BLSD,9,unknown,OTHER,unknown,unknown
SWAJANPA,9,unknown,OTHER,unknown,unknown
BLND,8,unknown,OTHER,unknown,unknown
JKiP,8,unknown,OTHER,unknown,unknown
JKNPP,8,unknown,OTHER,unknown,unknown
RasLP,8,unknown,OTHER,unknown,unknown
SABHP,8,unknown,OTHER,unknown,unknown
AHNP,8,unknown,OTHER,unknown,unknown
ASP,8,unknown,OTHER,unknown,unknown
BPSJP,8,unknown,OTHER,unknown,unknown
JAJGP,7,unknown,OTHER,unknown,unknown
SSD,7,unknown,OTHER,unknown,unknown
BMF,7,unknown,OTHER,unknown,unknown
BLRP,7,unknown,OTHER,unknown,unknown
BJKVP,7,unknown,OTHER,unknown,unknown
BALP,7,unknown,OTHER,unknown,unknown
BJKD,7,unknown,OTHER,unknown,unknown
RRP,7,unknown,OTHER,unknown,unknown
SGUP,7,unknown,OTHER,unknown,unknown
RJsbhP,7,unknown,OTHER,unknown,unknown
LOGAP,7,unknown,OTHER,unknown,unknown
JNJP,7,unknown,OTHER,unknown,unknown
SatBP,7,unknown,OTHER,unknown,unknown
JAC,7,unknown,OTHER,unknown,unknown
HJP,7,unknown,OTHER,unknown,unknown
ssrd,7,unknown,OTHER,unknown,unknown
RSOSP,7,unknown,OTHER,unknown,unknown
RJSPS,7,unknown,OTHER,unknown,unknown
PMK,7,unknown,OTHER,unknown,unknown
AJPI,7,unknown,OTHER,unknown,unknown
BNARP,7,unknown,OTHER,unknown,unknown
VCK,6,regional,INDIA,dalit_assertive,tamil_nadu
MCPI,6,unknown,OTHER,unknown,unknown
ABJS,6,unknown,OTHER,unknown,unknown
LJP,6,unknown,OTHER,unknown,unknown
BBC,6,unknown,OTHER,unknown,unknown
PSS,6,unknown,OTHER,unknown,unknown
RAHIS,6,unknown,OTHER,unknown,unknown
RPI,6,unknown,OTHER,unknown,unknown
SANVP,6,unknown,OTHER,unknown,unknown
SAKAP,6,unknown,OTHER,unknown,unknown
YJJP,6,unknown,OTHER,unknown,unknown
RSP,6,national,INDIA,far-left,kerala
NAP,6,unknown,OTHER,unknown,unknown
UMK,6,unknown,OTHER,unknown,unknown
RaJSP,6,unknown,OTHER,unknown,unknown
KPPU,6,unknown,OTHER,unknown,unknown
NRCP,5,unknown,OTHER,unknown,unknown
RSPSR,5,unknown,OTHER,unknown,unknown
BLSP,5,unknown,OTHER,unknown,unknown
AAM,5,unknown,OTHER,unknown,unknown
AKBHAD,5,unknown,OTHER,unknown,unknown
JanSP,5,unknown,OTHER,unknown,unknown
BSP(A),5,unknown,OTHER,unknown,unknown
JSVP,5,unknown,OTHER,unknown,unknown
RaNP,5,unknown,OTHER,unknown,unknown
ABHM,5,unknown,OTHER,unknown,unknown
KS,5,unknown,OTHER,unknown,unknown
KKJHS,5,unknown,OTHER,unknown,unknown
BBKD,5,unknown,OTHER,unknown,unknown
AgIMK,5,unknown,OTHER,unknown,unknown
ABGP,5,unknown,OTHER,unknown,unknown
RASMARP,5,unknown,OTHER,unknown,unknown
PRCP,5,unknown,OTHER,unknown,unknown
MKDVP,5,unknown,OTHER,unknown,unknown
KBD,5,unknown,OTHER,unknown,unknown
PRISM,5,unknown,OTHER,unknown,unknown
RTKP,5,unknown,OTHER,unknown,unknown
LD,5,unknown,OTHER,unknown,unknown
PDS,5,unknown,OTHER,unknown,unknown
RJNP,5,unknown,OTHER,unknown,unknown
AINHCP,4,unknown,OTHER,unknown,unknown
MPP,4,unknown,OTHER,unknown,unknown
PRSHP,4,unknown,OTHER,unknown,unknown
ILP(AP),4,unknown,OTHER,unknown,unknown
RKSP,4,unknown,OTHER,unknown,unknown
BGanP,4,unknown,OTHER,unknown,unknown
BNJD,4,unknown,OTHER,unknown,unknown
AJM,4,unknown,OTHER,unknown,unknown
ASDHP,4,unknown,OTHER,unknown,unknown
VSIP,4,unknown,OTHER,unknown,unknown
RVNP,4,unknown,OTHER,unknown,unknown
YKP,4,unknown,OTHER,unknown,unknown
JP,4,unknown,OTHER,unknown,unknown
BNDl,4,unknown,OTHER,unknown,unknown
VCSMP,4,unknown,OTHER,unknown,unknown
KMSP,4,unknown,OTHER,unknown,unknown
MaNPa,4,unknown,OTHER,unknown,unknown
JANSAPP,4,unknown,OTHER,unknown,unknown
VPP,4,unknown,OTHER,unknown,unknown
SVPP,4,unknown,OTHER,unknown,unknown
BHTJP,4,unknown,OTHER,unknown,unknown
AVIRP,4,unknown,OTHER,unknown,unknown
JJJKP,4,unknown,OTHER,unknown,unknown
JKPP,4,unknown,OTHER,unknown,unknown
JKP,4,unknown,OTHER,unknown,unknown
RPIK,4,unknown,OTHER,unknown,unknown
SDC,4,unknown,OTHER,unknown,unknown
KKMP,4,unknown,OTHER,unknown,unknown
rpsn,4,unknown,OTHER,unknown,unknown
ICF,4,unknown,OTHER,unknown,unknown
BDJS,4,unknown,OTHER,unknown,unknown
SMARTIP,4,unknown,OTHER,unknown,unknown
AABHAP,4,unknown,OTHER,unknown,unknown
ARK,4,unknown,OTHER,unknown,unknown
BAAP,4,unknown,OTHER,unknown,unknown
BLokSP,4,unknown,OTHER,unknown,unknown
NATJUP,4,unknown,OTHER,unknown,unknown
DMDK,4,unknown,OTHER,unknown,unknown
BARP,4,unknown,OTHER,unknown,unknown
BKrD,4,unknown,OTHER,unknown,unknown
NEP,4,unknown,OTHER,unknown,unknown
BJNP,4,unknown,OTHER,unknown,unknown
BAWPA,4,unknown,OTHER,unknown,unknown
UKKD,4,unknown,OTHER,unknown,unknown
UKDD,4,unknown,OTHER,unknown,unknown
DABAP,3,unknown,OTHER,unknown,unknown
AINPP,3,unknown,OTHER,unknown,unknown
AGP,3,regional,NDA,regional_centre,assam
AIUDF,3,unknown,OTHER,unknown,unknown
SwaBP,3,unknown,OTHER,unknown,unknown
HAMS,3,regional,NDA,social_justice,bihar
BDlP,3,unknown,OTHER,unknown,unknown
JTVP,3,unknown,OTHER,unknown,unknown
JDR,3,unknown,OTHER,unknown,unknown
MOSP,3,unknown,OTHER,unknown,unknown
AJPR,3,unknown,OTHER,unknown,unknown
RMGP,3,unknown,OTHER,unknown,unknown
BMtrP,3,unknown,OTHER,unknown,unknown
AIMIM,3,unknown,OTHER,unknown,unknown
PMPT,3,unknown,OTHER,unknown,unknown
BHAIP,3,unknown,OTHER,unknown,unknown
BSSPA,3,unknown,OTHER,unknown,unknown
RaJPa,3,unknown,OTHER,unknown,unknown
BHBHP,3,unknown,OTHER,unknown,unknown
SWAP,3,unknown,OTHER,unknown,unknown
RPWP,3,unknown,OTHER,unknown,unknown
GAGUP,3,unknown,OTHER,unknown,unknown
RASAP,3,unknown,OTHER,unknown,unknown
DSPVAD,3,unknown,OTHER,unknown,unknown
RMEP,3,unknown,OTHER,unknown,unknown
JKN,3,regional,INDIA,regional_centre,jammu_kashmir
JPC,3,unknown,OTHER,unknown,unknown
PDP,3,unknown,OTHER,unknown,unknown
VSP,3,unknown,OTHER,unknown,unknown
BPKP,3,unknown,OTHER,unknown,unknown
SJPA,3,unknown,OTHER,unknown,unknown
INCP,3,unknown,OTHER,unknown,unknown
MLPOIRF,3,unknown,OTHER,unknown,unknown
MPJVP,3,unknown,OTHER,unknown,unknown
PSJP,3,unknown,OTHER,unknown,unknown
MNDP,3,unknown,OTHER,unknown,unknown
SP(I),3,unknown,OTHER,unknown,unknown
JNSMP,3,unknown,OTHER,unknown,unknown
BMVSP,3,unknown,OTHER,unknown,unknown
bns,3,unknown,OTHER,unknown,unknown
STBP,3,unknown,OTHER,unknown,unknown
AIMF,3,unknown,OTHER,unknown,unknown
JMBP,3,unknown,OTHER,unknown,unknown
RHSP,3,unknown,OTHER,unknown,unknown
KRUP,3,unknown,OTHER,unknown,unknown
FPI,3,unknown,OTHER,unknown,unknown
DPIN,3,unknown,OTHER,unknown,unknown
PUNEKP,3,unknown,OTHER,unknown,unknown
LIP,3,unknown,OTHER,unknown,unknown
PPIS,3,unknown,OTHER,unknown,unknown
GPI,3,unknown,OTHER,unknown,unknown
ETMK,3,unknown,OTHER,unknown,unknown
SJPI,3,unknown,OTHER,unknown,unknown
PGSP,3,unknown,OTHER,unknown,unknown
VIP,3,unknown,OTHER,unknown,unknown
RLD,3,regional,NDA,agrarian,uttar_pradesh
ASaP,3,unknown,OTHER,unknown,unknown
PMSP,3,unknown,OTHER,unknown,unknown
PRJP,3,unknown,OTHER,unknown,unknown
SDU,3,unknown,OTHER,unknown,unknown
SBSPSP,3,unknown,OTHER,unknown,unknown
NDPOI,3,unknown,OTHER,unknown,unknown
RPI(KH),2,unknown,OTHER,unknown,unknown
VJNP,2,unknown,OTHER,unknown,unknown
NPT,2,unknown,OTHER,unknown,unknown
AYSRCP,2,unknown,OTHER,unknown,unknown
PPA,2,unknown,OTHER,unknown,unknown
TNRMPI,2,unknown,OTHER,unknown,unknown
NRCong,2,unknown,OTHER,unknown,unknown
AHFBK,2,unknown,OTHER,unknown,unknown
SPL,2,unknown,OTHER,unknown,unknown
PMP,2,unknown,OTHER,unknown,unknown
BRM,2,unknown,OTHER,unknown,unknown
SAAFP,2,unknown,OTHER,unknown,unknown
LJVM,2,unknown,OTHER,unknown,unknown
AMiP,2,unknown,OTHER,unknown,unknown
GJNP,2,unknown,OTHER,unknown,unknown
ManJP,2,unknown,OTHER,unknown,unknown
JGHTP,2,unknown,OTHER,unknown,unknown
SaBP,2,unknown,OTHER,unknown,unknown
RSJVP,2,unknown,OTHER,unknown,unknown
JPS,2,unknown,OTHER,unknown,unknown
BJAZP,2,unknown,OTHER,unknown,unknown
KPOI,2,unknown,OTHER,unknown,unknown
BJSAP,2,unknown,OTHER,unknown,unknown
SVJSP,2,unknown,OTHER,unknown,unknown
AVVP,2,unknown,OTHER,unknown,unknown
SDP(MP),2,unknown,OTHER,unknown,unknown
CSM,2,unknown,OTHER,unknown,unknown
cvgrp,2,unknown,OTHER,unknown,unknown
BYPP,2,unknown,OTHER,unknown,unknown
,2,unknown,OTHER,unknown,unknown
STBSP,2,unknown,OTHER,unknown,unknown
ADPT,2,unknown,OTHER,unknown,unknown
RSP(S),2,unknown,OTHER,unknown,unknown
aicp,2,unknown,OTHER,unknown,unknown
YuS,2,unknown,OTHER,unknown,unknown
LTSP,2,unknown,OTHER,unknown,unknown
VoP,2,unknown,OTHER,unknown,unknown
HCP,2,unknown,OTHER,unknown,unknown
SNP,2,unknown,OTHER,unknown,unknown
RGD,2,unknown,OTHER,unknown,unknown
RMPOI,2,unknown,OTHER,unknown,unknown
RADM,2,unknown,OTHER,unknown,unknown
JKPDP,2,unknown,OTHER,unknown,unknown
DSSP,2,unknown,OTHER,unknown,unknown
BaSaPa,2,unknown,OTHER,unknown,unknown
JVM,2,unknown,OTHER,unknown,unknown
PSPU,2,unknown,OTHER,unknown,unknown
JKP(N),2,unknown,OTHER,unknown,unknown
BMSM,2,unknown,OTHER,unknown,unknown
RJANSWP,2,unknown,OTHER,unknown,unknown
KJP,2,unknown,OTHER,unknown,unknown
ABML(S),2,unknown,OTHER,unknown,unknown
PrStP,2,unknown,OTHER,unknown,unknown
BBM,2,unknown,OTHER,unknown,unknown
KPPR,2,unknown,OTHER,unknown,unknown
igp,2,unknown,OTHER,unknown,unknown
BTARP,2,unknown,OTHER,unknown,unknown
NATWOMP,2,unknown,OTHER,unknown,unknown
RPIR,2,unknown,OTHER,unknown,unknown
RsAD,2,unknown,OTHER,unknown,unknown
PHRC,2,unknown,OTHER,unknown,unknown
RJanPty,2,unknown,OTHER,unknown,unknown
ARP,2,unknown,OTHER,unknown,unknown
ALoP,2,unknown,OTHER,unknown,unknown
MSHP,2,unknown,OTHER,unknown,unknown
SWP,2,unknown,OTHER,unknown,unknown
ABMP,2,unknown,OTHER,unknown,unknown
HAPa,2,unknown,OTHER,unknown,unknown
NEINDP,2,unknown,OTHER,unknown,unknown
UtPP,2,unknown,OTHER,unknown,unknown
CHALP,2,unknown,OTHER,unknown,unknown
ATBP,2,unknown,OTHER,unknown,unknown
RAJADP,2,unknown,OTHER,unknown,unknown
NYP,2,unknown,OTHER,unknown,unknown
SAD(M),2,unknown,OTHER,unknown,unknown
IDRP,2,unknown,OTHER,unknown,unknown
BRKP(D),2,unknown,OTHER,unknown,unknown
IPGP,2,unknown,OTHER,unknown,unknown
MKat,2,unknown,OTHER,unknown,unknown
AMPK,2,unknown,OTHER,unknown,unknown
DUUK,2,unknown,OTHER,unknown,unknown
APEP,2,unknown,OTHER,unknown,unknown
NIDP,2,unknown,OTHER,unknown,unknown
NIP,2,unknown,OTHER,unknown,unknown
IPFT,2,unknown,OTHER,unknown,unknown
ADRSP,2,unknown,OTHER,unknown,unknown
SABJANP,2,unknown,OTHER,unknown,unknown
BHABHAPA,2,unknown,OTHER,unknown,unknown
MwSP,2,unknown,OTHER,unknown,unknown
JaSD,2,unknown,OTHER,unknown,unknown
svjn,2,unknown,OTHER,unknown,unknown
SACP,2,unknown,OTHER,unknown,unknown
RJAPU,2,unknown,OTHER,unknown,unknown
JANKRPR,2,unknown,OTHER,unknown,unknown
JRPa,2,unknown,OTHER,unknown,unknown
SDSP,2,unknown,OTHER,unknown,unknown
AKSP,2,unknown,OTHER,unknown,unknown
RAPI,2,unknown,OTHER,unknown,unknown
JSP,2,unknown,OTHER,unknown,unknown
ALHP,2,unknown,OTHER,unknown,unknown
MSJP,2,unknown,OTHER,unknown,unknown
JHBHP,2,unknown,OTHER,unknown,unknown
VIPty,2,unknown,OTHER,unknown,unknown
RBJJP,2,unknown,OTHER,unknown,unknown
NJANP,2,unknown,OTHER,unknown,unknown
SFP,2,unknown,OTHER,unknown,unknown
JDL,2,unknown,OTHER,unknown,unknown
INL,2,unknown,OTHER,unknown,unknown
MARD,2,unknown,OTHER,unknown,unknown
JaSSP,2,unknown,OTHER,unknown,unknown
ADAL,2,unknown,OTHER,unknown,unknown
BhBSP,2,unknown,OTHER,unknown,unknown
RSMD,2,unknown,OTHER,unknown,unknown
BHHF,2,unknown,OTHER,unknown,unknown
JeSM,2,unknown,OTHER,unknown,unknown
WPOI,2,unknown,OTHER,unknown,unknown
MPOI,2,unknown,OTHER,unknown,unknown
BHMP,2,unknown,OTHER,unknown,unknown
IUC,2,unknown,OTHER,unknown,unknown
RD,1,unknown,OTHER,unknown,unknown
AlPP,1,unknown,OTHER,unknown,unknown
NDDHP,1,unknown,OTHER,unknown,unknown
HMRD,1,unknown,OTHER,unknown,unknown
RDHP,1,unknown,OTHER,unknown,unknown
RRS,1,unknown,OTHER,unknown,unknown
BCUF,1,unknown,OTHER,unknown,unknown
NNKP,1,unknown,OTHER,unknown,unknown
NVSP,1,unknown,OTHER,unknown,unknown
RPC(S),1,unknown,OTHER,unknown,unknown
NavaP,1,unknown,OTHER,unknown,unknown
ARPS,1,unknown,OTHER,unknown,unknown
JPD,1,unknown,OTHER,unknown,unknown
SAPRP,1,unknown,OTHER,unknown,unknown
ACP,1,unknown,OTHER,unknown,unknown
ASDC,1,unknown,OTHER,unknown,unknown
BOPF,1,unknown,OTHER,unknown,unknown
UPPL,1,regional,NDA,tribal_regional,assam
ADRP,1,unknown,OTHER,unknown,unknown
BKVP,1,unknown,OTHER,unknown,unknown
RDU,1,unknown,OTHER,unknown,unknown
mimm,1,unknown,OTHER,unknown,unknown
BBMP,1,unknown,OTHER,unknown,unknown
ravp,1,unknown,OTHER,unknown,unknown
SJDD,1,unknown,OTHER,unknown,unknown
RSWD,1,unknown,OTHER,unknown,unknown
JAPL,1,unknown,OTHER,unknown,unknown
AKBMP,1,unknown,OTHER,unknown,unknown
BNSKP,1,unknown,OTHER,unknown,unknown
BhNP,1,unknown,OTHER,unknown,unknown
AAHPty,1,unknown,OTHER,unknown,unknown
NJP,1,unknown,OTHER,unknown,unknown
BIP,1,unknown,OTHER,unknown,unknown
LAJSP,1,unknown,OTHER,unknown,unknown
BhAmAP,1,unknown,OTHER,unknown,unknown
APKSP,1,unknown,OTHER,unknown,unknown
RACHEP,1,unknown,OTHER,unknown,unknown
RJPD,1,unknown,OTHER,unknown,unknown
WAP,1,unknown,OTHER,unknown,unknown
RSTSAHP,1,unknown,OTHER,unknown,unknown
SWSP,1,unknown,OTHER,unknown,unknown
JHP,1,unknown,OTHER,unknown,unknown
LSD,1,unknown,OTHER,unknown,unknown
JRVP,1,unknown,OTHER,unknown,unknown
RPP,1,unknown,OTHER,unknown,unknown
LCD,1,unknown,OTHER,unknown,unknown
CHKAP,1,unknown,OTHER,unknown,unknown
BhaRP,1,unknown,OTHER,unknown,unknown
ABSKP,1,unknown,OTHER,unknown,unknown
BSHSP,1,unknown,OTHER,unknown,unknown
SUSP,1,unknown,OTHER,unknown,unknown
RGOP,1,unknown,OTHER,unknown,unknown
SSBD,1,unknown,OTHER,unknown,unknown
BHBP,1,unknown,OTHER,unknown,unknown
FDLP,1,unknown,OTHER,unknown,unknown
RP(K),1,unknown,OTHER,unknown,unknown
NSBHP,1,unknown,OTHER,unknown,unknown
RPI(KM),1,unknown,OTHER,unknown,unknown
NIRBHP,1,unknown,OTHER,unknown,unknown
PAP,1,unknown,OTHER,unknown,unknown
LoRP,1,unknown,OTHER,unknown,unknown
BSDL,1,unknown,OTHER,unknown,unknown
BRP,1,unknown,OTHER,unknown,unknown
RNNBP,1,unknown,OTHER,unknown,unknown
GJPP,1,unknown,OTHER,unknown,unknown
RVZP,1,unknown,OTHER,unknown,unknown
REALDP,1,unknown,OTHER,unknown,unknown
ABD,1,unknown,OTHER,unknown,unknown
LPSP,1,unknown,OTHER,unknown,unknown
RVP,1,unknown,OTHER,unknown,unknown
RPIE,1,unknown,OTHER,unknown,unknown
ToP,1,unknown,OTHER,unknown,unknown
DKSP,1,unknown,OTHER,unknown,unknown
RABSP,1,unknown,OTHER,unknown,unknown
AJNSP,1,unknown,OTHER,unknown,unknown
NNMP,1,unknown,OTHER,unknown,unknown
MYSP,1,unknown,OTHER,unknown,unknown
RJAVP,1,unknown,OTHER,unknown,unknown
NED,1,unknown,OTHER,unknown,unknown
HIMJKP,1,unknown,OTHER,unknown,unknown
INDPP,1,unknown,OTHER,unknown,unknown
JKPPAP,1,unknown,OTHER,unknown,unknown
AJSUP,1,regional,NDA,tribal_regional,jharkhand
UPNSE,1,unknown,OTHER,unknown,unknown
JKPS,1,unknown,OTHER,unknown,unknown
BHAZS,1,unknown,OTHER,unknown,unknown
RTSGP,1,unknown,OTHER,unknown,unknown
JMM(U),1,unknown,OTHER,unknown,unknown
RTBHP,1,unknown,OTHER,unknown,unknown
KPJP,1,unknown,OTHER,unknown,unknown
JVBP,1,unknown,OTHER,unknown,unknown
GaAP,1,unknown,OTHER,unknown,unknown
KCVP,1,unknown,OTHER,unknown,unknown
DPPS,1,unknown,OTHER,unknown,unknown
NDEP,1,unknown,OTHER,unknown,unknown
SAJP,1,unknown,OTHER,unknown,unknown
AMKP,1,unknown,OTHER,unknown,unknown
BHPP,1,unknown,OTHER,unknown,unknown
EP,1,unknown,OTHER,unknown,unknown
KEC(M),1,unknown,OTHER,unknown,unknown
KEC,1,unknown,OTHER,unknown,unknown
PNP,1,unknown,OTHER,unknown,unknown
NALAP,1,unknown,OTHER,unknown,unknown
SaVP,1,unknown,OTHER,unknown,unknown
swbi,1,unknown,OTHER,unknown,unknown
JLokP,1,unknown,OTHER,unknown,unknown
RAPty,1,unknown,OTHER,unknown,unknown
ANSP,1,unknown,OTHER,unknown,unknown
BJSPP,1,unknown,OTHER,unknown,unknown
RTAMP,1,unknown,OTHER,unknown,unknown
AIUC,1,unknown,OTHER,unknown,unknown
SamSP,1,unknown,OTHER,unknown,unknown
KSRP,1,unknown,OTHER,unknown,unknown
SJPT,1,unknown,OTHER,unknown,unknown
BHJMP,1,unknown,OTHER,unknown,unknown
SADSP,1,unknown,OTHER,unknown,unknown
ANRP,1,unknown,OTHER,unknown,unknown
PRSP,1,unknown,OTHER,unknown,unknown
NNP,1,unknown,OTHER,unknown,unknown
MAHKRS,1,unknown,OTHER,unknown,unknown
LKSGM,1,unknown,OTHER,unknown,unknown
RJnPty,1,unknown,OTHER,unknown,unknown
AKHP,1,unknown,OTHER,unknown,unknown
ABHS,1,unknown,OTHER,unknown,unknown
HiPPa,1,unknown,OTHER,unknown,unknown
ABEP,1,unknown,OTHER,unknown,unknown
RAKRD,1,unknown,OTHER,unknown,unknown
ABSSP,1,unknown,OTHER,unknown,unknown
DJHP,1,unknown,OTHER,unknown,unknown
BEPP,1,unknown,OTHER,unknown,unknown
BVA,1,unknown,OTHER,unknown,unknown
SanS,1,unknown,OTHER,unknown,unknown
PUNP,1,unknown,OTHER,unknown,unknown
RAJSPty,1,unknown,OTHER,unknown,unknown
RBS,1,unknown,OTHER,unknown,unknown
LJGP,1,unknown,OTHER,unknown,unknown
PHJSP,1,unknown,OTHER,unknown,unknown
SaRaPa,1,unknown,OTHER,unknown,unknown
RBCP,1,unknown,OTHER,unknown,unknown
MPEP,1,unknown,OTHER,unknown,unknown
MDPF,1,unknown,OTHER,unknown,unknown
RJSNP,1,unknown,OTHER,unknown,unknown
NPF,1,unknown,OTHER,unknown,unknown
UDP,1,unknown,OTHER,unknown,unknown
MNF,1,unknown,OTHER,unknown,unknown
PRISMP,1,unknown,OTHER,unknown,unknown
ESP,1,unknown,OTHER,unknown,unknown
NAPt,1,unknown,OTHER,unknown,unknown
AnAP,1,unknown,OTHER,unknown,unknown
CoAP,1,unknown,OTHER,unknown,unknown
SPRP,1,unknown,OTHER,unknown,unknown
bjdi,1,unknown,OTHER,unknown,unknown
SJVP,1,unknown,OTHER,unknown,unknown
SoJP,1,unknown,OTHER,unknown,unknown
BPC,1,unknown,OTHER,unknown,unknown
NDPP,1,unknown,OTHER,unknown,unknown
OPD,1,unknown,OTHER,unknown,unknown
skd,1,unknown,OTHER,unknown,unknown
RAIM,1,unknown,OTHER,unknown,unknown
AINRC,1,unknown,OTHER,unknown,unknown
PUDEP,1,unknown,OTHER,unknown,unknown
SADT,1,unknown,OTHER,unknown,unknown
PLP,1,unknown,OTHER,unknown,unknown
ASJP,1,unknown,OTHER,unknown,unknown
DPI,1,unknown,OTHER,unknown,unknown
SBM,1,unknown,OTHER,unknown,unknown
SLDP,1,unknown,OTHER,unknown,unknown
HSP,1,unknown,OTHER,unknown,unknown
NAWPP,1,unknown,OTHER,unknown,unknown
NPSF,1,unknown,OTHER,unknown,unknown
RSVP,1,unknown,OTHER,unknown,unknown
RMGLMP,1,unknown,OTHER,unknown,unknown
RLTP,1,unknown,OTHER,unknown,unknown
IICR,1,unknown,OTHER,unknown,unknown
BJSTP,1,unknown,OTHER,unknown,unknown
SKM,1,unknown,OTHER,unknown,unknown
SDF,1,unknown,OTHER,unknown,unknown
HMSKP,1,unknown,OTHER,unknown,unknown
SKPP,1,unknown,OTHER,unknown,unknown
SUTF,1,unknown,OTHER,unknown,unknown
AIP,1,unknown,OTHER,unknown,unknown
AIMAK,1,unknown,OTHER,unknown,unknown
AIVP,1,unknown,OTHER,unknown,unknown
IMK,1,unknown,OTHER,unknown,unknown
VMMKT,1,unknown,OTHER,unknown,unknown
FIP,1,unknown,OTHER,unknown,unknown
DCLF,1,unknown,OTHER,unknown,unknown
MSKK,1,unknown,OTHER,unknown,unknown
AHIMSASP,1,unknown,OTHER,unknown,unknown
MMKA,1,unknown,OTHER,unknown,unknown
TMC(M),1,unknown,OTHER,unknown,unknown
TTNP,1,unknown,OTHER,unknown,unknown
UBM,1,unknown,OTHER,unknown,unknown
CDF,1,unknown,OTHER,unknown,unknown
USIP,1,unknown,OTHER,unknown,unknown
AIUUK,1,unknown,OTHER,unknown,unknown
DAMK,1,unknown,OTHER,unknown,unknown
MLJK,1,unknown,OTHER,unknown,unknown
AIPTMMK,1,unknown,OTHER,unknown,unknown
AIDMMK,1,unknown,OTHER,unknown,unknown
NPRP,1,unknown,OTHER,unknown,unknown
PJSP,1,unknown,OTHER,unknown,unknown
pjdl,1,unknown,OTHER,unknown,unknown
JASWP,1,unknown,OTHER,unknown,unknown
TELYS,1,unknown,OTHER,unknown,unknown
TECPI,1,unknown,OTHER,unknown,unknown
YSRPP,1,unknown,OTHER,unknown,unknown
TJS,1,unknown,OTHER,unknown,unknown
IRNP,1,unknown,OTHER,unknown,unknown
TSP,1,unknown,OTHER,unknown,unknown
BRPPA,1,unknown,OTHER,unknown,unknown
TGPJP,1,unknown,OTHER,unknown,unknown
TRIPP,1,unknown,OTHER,unknown,unknown
RVyP,1,unknown,OTHER,unknown,unknown
ABHP,1,unknown,OTHER,unknown,unknown
RAJUP,1,unknown,OTHER,unknown,unknown
RPB,1,unknown,OTHER,unknown,unknown
ANNADATA,1,unknown,OTHER,unknown,unknown
BSKRP,1,unknown,OTHER,unknown,unknown
KMBS,1,unknown,OTHER,unknown,unknown
JSEP,1,unknown,OTHER,unknown,unknown
NFFF,1,unknown,OTHER,unknown,unknown
SaDa,1,unknown,OTHER,unknown,unknown
kajp,1,unknown,OTHER,unknown,unknown
NaLP,1,unknown,OTHER,unknown,unknown
BND,1,unknown,OTHER,unknown,unknown
BNIP,1,unknown,OTHER,unknown,unknown
ABLP,1,unknown,OTHER,unknown,unknown
bmd,1,unknown,OTHER,unknown,unknown
KHSNP,1,unknown,OTHER,unknown,unknown
BSPM,1,unknown,OTHER,unknown,unknown
BSKP,1,unknown,OTHER,unknown,unknown
NABMUP,1,unknown,OTHER,unknown,unknown
BBPP,1,unknown,OTHER,unknown,unknown
BAEP,1,unknown,OTHER,unknown,unknown
MNVP,1,unknown,OTHER,unknown,unknown
SaSaP,1,unknown,OTHER,unknown,unknown
RBP,1,unknown,OTHER,unknown,unknown
PHSP,1,unknown,OTHER,unknown,unknown
MDKMGPH,1,unknown,OTHER,unknown,unknown
BMJP,1,unknown,OTHER,unknown,unknown
BKPP,1,unknown,OTHER,unknown,unknown
LOKJANP,1,unknown,OTHER,unknown,unknown
AIRCP,1,unknown,OTHER,unknown,unknown
RtrJP,1,unknown,OTHER,unknown,unknown
RASHLSP,1,unknown,OTHER,unknown,unknown
RJBVP,1,unknown,OTHER,unknown,unknown
VMSKP,1,unknown,OTHER,unknown,unknown
JD,1,unknown,OTHER,unknown,unknown
SHF,1,unknown,OTHER,unknown,unknown
RASJGP,1,unknown,OTHER,unknown,unknown
ANIJP,1,unknown,OTHER,unknown,unknown
HuSP,1,unknown,OTHER,unknown,unknown
KSRSP,1,unknown,OTHER,unknown,unknown
BUNKD,1,unknown,OTHER,unknown,unknown
BDPty,1,unknown,OTHER,unknown,unknown
SAKSP,1,unknown,OTHER,unknown,unknown
BaVaP,1,unknown,OTHER,unknown,unknown
RTJPS,1,unknown,OTHER,unknown,unknown
LJSPty,1,unknown,OTHER,unknown,unknown
ADUP,1,unknown,OTHER,unknown,unknown
ABNNP,1,unknown,OTHER,unknown,unknown
MHD,1,unknown,OTHER,unknown,unknown
SJSMP,1,unknown,OTHER,unknown,unknown
SATKP,1,unknown,OTHER,unknown,unknown
BSUSP,1,unknown,OTHER,unknown,unknown
jhspt,1,unknown,OTHER,unknown,unknown
JAAP,1,unknown,OTHER,unknown,unknown
BNavP,1,unknown,OTHER,unknown,unknown
RND,1,unknown,OTHER,unknown,unknown
KARASP,1,unknown,OTHER,unknown,unknown
BaJD,1,unknown,OTHER,unknown,unknown
BRPI,1,unknown,OTHER,unknown,unknown
RSDal,1,unknown,OTHER,unknown,unknown
ASGP,1,unknown,OTHER,unknown,unknown
BaHaP,1,unknown,OTHER,unknown,unknown
FJP,1,unknown,OTHER,unknown,unknown
MKUP,1,unknown,OTHER,unknown,unknown
YVP,1,unknown,OTHER,unknown,unknown
rajpt,1,unknown,OTHER,unknown,unknown
AYP,1,unknown,OTHER,unknown,unknown
UDFS,1,unknown,OTHER,unknown,unknown
AIPF,1,unknown,OTHER,unknown,unknown
IVD,1,unknown,OTHER,unknown,unknown
RVLP,1,unknown,OTHER,unknown,unknown
NSCBRAP,1,unknown,OTHER,unknown,unknown
ManKP,1,unknown,OTHER,unknown,unknown
RaIP,1,unknown,OTHER,unknown,unknown
RMMP,1,unknown,OTHER,unknown,unknown
BRSP,1,unknown,OTHER,unknown,unknown
RaAD,1,unknown,OTHER,unknown,unknown
AACP,1,unknown,OTHER,unknown,unknown
UPP,1,unknown,OTHER,unknown,unknown
PLM,1,unknown,OTHER,unknown,unknown
SAVIPA,1,unknown,OTHER,unknown,unknown
JHAP,1,unknown,OTHER,unknown,unknown
ALINLBP,1,unknown,OTHER,unknown,unknown
UTSAP,1,unknown,OTHER,unknown,unknown
AIJAP,1,unknown,OTHER,unknown,unknown
grac,1,unknown,OTHER,unknown,unknown
STPI,1,unknown,OTHER,unknown,unknown
SWJP,1,unknown,OTHER,unknown,unknown
AKBJHP,1,unknown,OTHER,unknown,unknown
JASP,1,unknown,OTHER,unknown,unknown
RAHM,1,unknown,OTHER,unknown,unknown
