state,constituency,state_key,constituency_key,variable,value,unit,source_name,source_url_or_document,source_year,geography_level,method,confidence,notes,entered_by,last_updated
Maharashtra,Baramati,MAHARASHTRA,BARAMATI,urban_pct,,percent,,,,,,,,,
Maharashtra,Baramati,MAHARASHTRA,BARAMATI,literacy_rate,,percent,,,,,,,,,
Maharashtra,Baramati,MAHARASHTRA,BARAMATI,sc_pct,,percent,,,,,,,,,
Maharashtra,Baramati,MAHARASHTRA,BARAMATI,st_pct,,percent,,,,,,,,,
Maharashtra,Baramati,MAHARASHTRA,BARAMATI,religion_hindu_pct,,percent,,,,,,,,,
Maharashtra,Baramati,MAHARASHTRA,BARAMATI,religion_muslim_pct,,percent,,,,,,,,,
Maharashtra,Baramati,MAHARASHTRA,BARAMATI,population_density,,persons_per_sq_km,,,,,,,,,
Maharashtra,Baramati,MAHARASHTRA,BARAMATI,sex_ratio,,females_per_1000_males,,,,,,,,,
Maharashtra,Amravati,MAHARASHTRA,AMRAVATI,urban_pct,,percent,,,,,,,,,
Maharashtra,Amravati,MAHARASHTRA,AMRAVATI,literacy_rate,,percent,,,,,,,,,
Maharashtra,Amravati,MAHARASHTRA,AMRAVATI,sc_pct,,percent,,,,,,,,,
Maharashtra,Amravati,MAHARASHTRA,AMRAVATI,st_pct,,percent,,,,,,,,,
Maharashtra,Amravati,MAHARASHTRA,AMRAVATI,religion_hindu_pct,,percent,,,,,,,,,
Maharashtra,Amravati,MAHARASHTRA,AMRAVATI,religion_muslim_pct,,percent,,,,,,,,,
Maharashtra,Amravati,MAHARASHTRA,AMRAVATI,population_density,,persons_per_sq_km,,,,,,,,,
Maharashtra,Amravati,MAHARASHTRA,AMRAVATI,sex_ratio,,females_per_1000_males,,,,,,,,,
Maharashtra,Bhiwandi,MAHARASHTRA,BHIWANDI,urban_pct,,percent,,,,,,,,,
Maharashtra,Bhiwandi,MAHARASHTRA,BHIWANDI,literacy_rate,,percent,,,,,,,,,
Maharashtra,Bhiwandi,MAHARASHTRA,BHIWANDI,sc_pct,,percent,,,,,,,,,
Maharashtra,Bhiwandi,MAHARASHTRA,BHIWANDI,st_pct,,percent,,,,,,,,,
Maharashtra,Bhiwandi,MAHARASHTRA,BHIWANDI,religion_hindu_pct,,percent,,,,,,,,,
Maharashtra,Bhiwandi,MAHARASHTRA,BHIWANDI,religion_muslim_pct,,percent,,,,,,,,,
Maharashtra,Bhiwandi,MAHARASHTRA,BHIWANDI,population_density,,persons_per_sq_km,,,,,,,,,
Maharashtra,Bhiwandi,MAHARASHTRA,BHIWANDI,sex_ratio,,females_per_1000_males,,,,,,,,,
Uttar Pradesh,Bansgaon,UTTAR PRADESH,BANSGAON,urban_pct,,percent,,,,,,,,,
Uttar Pradesh,Bansgaon,UTTAR PRADESH,BANSGAON,literacy_rate,,percent,,,,,,,,,
Uttar Pradesh,Bansgaon,UTTAR PRADESH,BANSGAON,sc_pct,,percent,,,,,,,,,
Uttar Pradesh,Bansgaon,UTTAR PRADESH,BANSGAON,st_pct,,percent,,,,,,,,,
Uttar Pradesh,Bansgaon,UTTAR PRADESH,BANSGAON,religion_hindu_pct,,percent,,,,,,,,,
Uttar Pradesh,Bansgaon,UTTAR PRADESH,BANSGAON,religion_muslim_pct,,percent,,,,,,,,,
Uttar Pradesh,Bansgaon,UTTAR PRADESH,BANSGAON,population_density,,persons_per_sq_km,,,,,,,,,
Uttar Pradesh,Bansgaon,UTTAR PRADESH,BANSGAON,sex_ratio,,females_per_1000_males,,,,,,,,,
Maharashtra,Dhule,MAHARASHTRA,DHULE,urban_pct,,percent,,,,,,,,,
Maharashtra,Dhule,MAHARASHTRA,DHULE,literacy_rate,,percent,,,,,,,,,
Maharashtra,Dhule,MAHARASHTRA,DHULE,sc_pct,,percent,,,,,,,,,
Maharashtra,Dhule,MAHARASHTRA,DHULE,st_pct,,percent,,,,,,,,,
Maharashtra,Dhule,MAHARASHTRA,DHULE,religion_hindu_pct,,percent,,,,,,,,,
Maharashtra,Dhule,MAHARASHTRA,DHULE,religion_muslim_pct,,percent,,,,,,,,,
Maharashtra,Dhule,MAHARASHTRA,DHULE,population_density,,persons_per_sq_km,,,,,,,,,
Maharashtra,Dhule,MAHARASHTRA,DHULE,sex_ratio,,females_per_1000_males,,,,,,,,,
Uttar Pradesh,Salempur,UTTAR PRADESH,SALEMPUR,urban_pct,,percent,,,,,,,,,
Uttar Pradesh,Salempur,UTTAR PRADESH,SALEMPUR,literacy_rate,,percent,,,,,,,,,
Uttar Pradesh,Salempur,UTTAR PRADESH,SALEMPUR,sc_pct,,percent,,,,,,,,,
Uttar Pradesh,Salempur,UTTAR PRADESH,SALEMPUR,st_pct,,percent,,,,,,,,,
Uttar Pradesh,Salempur,UTTAR PRADESH,SALEMPUR,religion_hindu_pct,,percent,,,,,,,,,
Uttar Pradesh,Salempur,UTTAR PRADESH,SALEMPUR,religion_muslim_pct,,percent,,,,,,,,,
Uttar Pradesh,Salempur,UTTAR PRADESH,SALEMPUR,population_density,,persons_per_sq_km,,,,,,,,,
Uttar Pradesh,Salempur,UTTAR PRADESH,SALEMPUR,sex_ratio,,females_per_1000_males,,,,,,,,,
Maharashtra,Bhandara Gondiya,MAHARASHTRA,BHANDARA GONDIYA,urban_pct,,percent,,,,,,,,,
Maharashtra,Bhandara Gondiya,MAHARASHTRA,BHANDARA GONDIYA,literacy_rate,,percent,,,,,,,,,
Maharashtra,Bhandara Gondiya,MAHARASHTRA,BHANDARA GONDIYA,sc_pct,,percent,,,,,,,,,
Maharashtra,Bhandara Gondiya,MAHARASHTRA,BHANDARA GONDIYA,st_pct,,percent,,,,,,,,,
Maharashtra,Bhandara Gondiya,MAHARASHTRA,BHANDARA GONDIYA,religion_hindu_pct,,percent,,,,,,,,,
Maharashtra,Bhandara Gondiya,MAHARASHTRA,BHANDARA GONDIYA,religion_muslim_pct,,percent,,,,,,,,,
Maharashtra,Bhandara Gondiya,MAHARASHTRA,BHANDARA GONDIYA,population_density,,persons_per_sq_km,,,,,,,,,
Maharashtra,Bhandara Gondiya,MAHARASHTRA,BHANDARA GONDIYA,sex_ratio,,females_per_1000_males,,,,,,,,,
Tamil Nadu,TIRUNELVELI,TAMIL NADU,TIRUNELVELI,urban_pct,,percent,,,,,,,,,
Tamil Nadu,TIRUNELVELI,TAMIL NADU,TIRUNELVELI,literacy_rate,,percent,,,,,,,,,
Tamil Nadu,TIRUNELVELI,TAMIL NADU,TIRUNELVELI,sc_pct,,percent,,,,,,,,,
Tamil Nadu,TIRUNELVELI,TAMIL NADU,TIRUNELVELI,st_pct,,percent,,,,,,,,,
Tamil Nadu,TIRUNELVELI,TAMIL NADU,TIRUNELVELI,religion_hindu_pct,,percent,,,,,,,,,
Tamil Nadu,TIRUNELVELI,TAMIL NADU,TIRUNELVELI,religion_muslim_pct,,percent,,,,,,,,,
Tamil Nadu,TIRUNELVELI,TAMIL NADU,TIRUNELVELI,population_density,,persons_per_sq_km,,,,,,,,,
Tamil Nadu,TIRUNELVELI,TAMIL NADU,TIRUNELVELI,sex_ratio,,females_per_1000_males,,,,,,,,,
Rajasthan,JAIPUR RURAL,RAJASTHAN,JAIPUR RURAL,urban_pct,,percent,,,,,,,,,
Rajasthan,JAIPUR RURAL,RAJASTHAN,JAIPUR RURAL,literacy_rate,,percent,,,,,,,,,
Rajasthan,JAIPUR RURAL,RAJASTHAN,JAIPUR RURAL,sc_pct,,percent,,,,,,,,,
Rajasthan,JAIPUR RURAL,RAJASTHAN,JAIPUR RURAL,st_pct,,percent,,,,,,,,,
Rajasthan,JAIPUR RURAL,RAJASTHAN,JAIPUR RURAL,religion_hindu_pct,,percent,,,,,,,,,
Rajasthan,JAIPUR RURAL,RAJASTHAN,JAIPUR RURAL,religion_muslim_pct,,percent,,,,,,,,,
Rajasthan,JAIPUR RURAL,RAJASTHAN,JAIPUR RURAL,population_density,,persons_per_sq_km,,,,,,,,,
Rajasthan,JAIPUR RURAL,RAJASTHAN,JAIPUR RURAL,sex_ratio,,females_per_1000_males,,,,,,,,,
Uttar Pradesh,Barabanki,UTTAR PRADESH,BARABANKI,urban_pct,,percent,,,,,,,,,
Uttar Pradesh,Barabanki,UTTAR PRADESH,BARABANKI,literacy_rate,,percent,,,,,,,,,
Uttar Pradesh,Barabanki,UTTAR PRADESH,BARABANKI,sc_pct,,percent,,,,,,,,,
Uttar Pradesh,Barabanki,UTTAR PRADESH,BARABANKI,st_pct,,percent,,,,,,,,,
Uttar Pradesh,Barabanki,UTTAR PRADESH,BARABANKI,religion_hindu_pct,,percent,,,,,,,,,
Uttar Pradesh,Barabanki,UTTAR PRADESH,BARABANKI,religion_muslim_pct,,percent,,,,,,,,,
Uttar Pradesh,Barabanki,UTTAR PRADESH,BARABANKI,population_density,,persons_per_sq_km,,,,,,,,,
Uttar Pradesh,Barabanki,UTTAR PRADESH,BARABANKI,sex_ratio,,females_per_1000_males,,,,,,,,,
Maharashtra,Jalna,MAHARASHTRA,JALNA,urban_pct,,percent,,,,,,,,,
Maharashtra,Jalna,MAHARASHTRA,JALNA,literacy_rate,,percent,,,,,,,,,
Maharashtra,Jalna,MAHARASHTRA,JALNA,sc_pct,,percent,,,,,,,,,
Maharashtra,Jalna,MAHARASHTRA,JALNA,st_pct,,percent,,,,,,,,,
Maharashtra,Jalna,MAHARASHTRA,JALNA,religion_hindu_pct,,percent,,,,,,,,,
Maharashtra,Jalna,MAHARASHTRA,JALNA,religion_muslim_pct,,percent,,,,,,,,,
Maharashtra,Jalna,MAHARASHTRA,JALNA,population_density,,persons_per_sq_km,,,,,,,,,
Maharashtra,Jalna,MAHARASHTRA,JALNA,sex_ratio,,females_per_1000_males,,,,,,,,,
Odisha,Jajpur,ODISHA,JAJPUR,urban_pct,,percent,,,,,,,,,
Odisha,Jajpur,ODISHA,JAJPUR,literacy_rate,,percent,,,,,,,,,
Odisha,Jajpur,ODISHA,JAJPUR,sc_pct,,percent,,,,,,,,,
Odisha,Jajpur,ODISHA,JAJPUR,st_pct,,percent,,,,,,,,,
Odisha,Jajpur,ODISHA,JAJPUR,religion_hindu_pct,,percent,,,,,,,,,
Odisha,Jajpur,ODISHA,JAJPUR,religion_muslim_pct,,percent,,,,,,,,,
Odisha,Jajpur,ODISHA,JAJPUR,population_density,,persons_per_sq_km,,,,,,,,,
Odisha,Jajpur,ODISHA,JAJPUR,sex_ratio,,females_per_1000_males,,,,,,,,,
Maharashtra,Kolhapur,MAHARASHTRA,KOLHAPUR,urban_pct,,percent,,,,,,,,,
Maharashtra,Kolhapur,MAHARASHTRA,KOLHAPUR,literacy_rate,,percent,,,,,,,,,
Maharashtra,Kolhapur,MAHARASHTRA,KOLHAPUR,sc_pct,,percent,,,,,,,,,
Maharashtra,Kolhapur,MAHARASHTRA,KOLHAPUR,st_pct,,percent,,,,,,,,,
Maharashtra,Kolhapur,MAHARASHTRA,KOLHAPUR,religion_hindu_pct,,percent,,,,,,,,,
Maharashtra,Kolhapur,MAHARASHTRA,KOLHAPUR,religion_muslim_pct,,percent,,,,,,,,,
Maharashtra,Kolhapur,MAHARASHTRA,KOLHAPUR,population_density,,persons_per_sq_km,,,,,,,,,
Maharashtra,Kolhapur,MAHARASHTRA,KOLHAPUR,sex_ratio,,females_per_1000_males,,,,,,,,,
Maharashtra,Ratnagiri- Sindhudurg,MAHARASHTRA,RATNAGIRI SINDHUDURG,urban_pct,,percent,,,,,,,,,
Maharashtra,Ratnagiri- Sindhudurg,MAHARASHTRA,RATNAGIRI SINDHUDURG,literacy_rate,,percent,,,,,,,,,
Maharashtra,Ratnagiri- Sindhudurg,MAHARASHTRA,RATNAGIRI SINDHUDURG,sc_pct,,percent,,,,,,,,,
Maharashtra,Ratnagiri- Sindhudurg,MAHARASHTRA,RATNAGIRI SINDHUDURG,st_pct,,percent,,,,,,,,,
Maharashtra,Ratnagiri- Sindhudurg,MAHARASHTRA,RATNAGIRI SINDHUDURG,religion_hindu_pct,,percent,,,,,,,,,
Maharashtra,Ratnagiri- Sindhudurg,MAHARASHTRA,RATNAGIRI SINDHUDURG,religion_muslim_pct,,percent,,,,,,,,,
Maharashtra,Ratnagiri- Sindhudurg,MAHARASHTRA,RATNAGIRI SINDHUDURG,population_density,,persons_per_sq_km,,,,,,,,,
Maharashtra,Ratnagiri- Sindhudurg,MAHARASHTRA,RATNAGIRI SINDHUDURG,sex_ratio,,females_per_1000_males,,,,,,,,,
Andhra Pradesh,Thirupathi,ANDHRA PRADESH,THIRUPATHI,urban_pct,,percent,,,,,,,,,
Andhra Pradesh,Thirupathi,ANDHRA PRADESH,THIRUPATHI,literacy_rate,,percent,,,,,,,,,
Andhra Pradesh,Thirupathi,ANDHRA PRADESH,THIRUPATHI,sc_pct,,percent,,,,,,,,,
Andhra Pradesh,Thirupathi,ANDHRA PRADESH,THIRUPATHI,st_pct,,percent,,,,,,,,,
Andhra Pradesh,Thirupathi,ANDHRA PRADESH,THIRUPATHI,religion_hindu_pct,,percent,,,,,,,,,
Andhra Pradesh,Thirupathi,ANDHRA PRADESH,THIRUPATHI,religion_muslim_pct,,percent,,,,,,,,,
Andhra Pradesh,Thirupathi,ANDHRA PRADESH,THIRUPATHI,population_density,,persons_per_sq_km,,,,,,,,,
Andhra Pradesh,Thirupathi,ANDHRA PRADESH,THIRUPATHI,sex_ratio,,females_per_1000_males,,,,,,,,,
Rajasthan,NAGAUR,RAJASTHAN,NAGAUR,urban_pct,,percent,,,,,,,,,
Rajasthan,NAGAUR,RAJASTHAN,NAGAUR,literacy_rate,,percent,,,,,,,,,
Rajasthan,NAGAUR,RAJASTHAN,NAGAUR,sc_pct,,percent,,,,,,,,,
Rajasthan,NAGAUR,RAJASTHAN,NAGAUR,st_pct,,percent,,,,,,,,,
Rajasthan,NAGAUR,RAJASTHAN,NAGAUR,religion_hindu_pct,,percent,,,,,,,,,
Rajasthan,NAGAUR,RAJASTHAN,NAGAUR,religion_muslim_pct,,percent,,,,,,,,,
Rajasthan,NAGAUR,RAJASTHAN,NAGAUR,population_density,,persons_per_sq_km,,,,,,,,,
Rajasthan,NAGAUR,RAJASTHAN,NAGAUR,sex_ratio,,females_per_1000_males,,,,,,,,,
Maharashtra,Shirdi,MAHARASHTRA,SHIRDI,urban_pct,,percent,,,,,,,,,
Maharashtra,Shirdi,MAHARASHTRA,SHIRDI,literacy_rate,,percent,,,,,,,,,
Maharashtra,Shirdi,MAHARASHTRA,SHIRDI,sc_pct,,percent,,,,,,,,,
Maharashtra,Shirdi,MAHARASHTRA,SHIRDI,st_pct,,percent,,,,,,,,,
Maharashtra,Shirdi,MAHARASHTRA,SHIRDI,religion_hindu_pct,,percent,,,,,,,,,
Maharashtra,Shirdi,MAHARASHTRA,SHIRDI,religion_muslim_pct,,percent,,,,,,,,,
Maharashtra,Shirdi,MAHARASHTRA,SHIRDI,population_density,,persons_per_sq_km,,,,,,,,,
Maharashtra,Shirdi,MAHARASHTRA,SHIRDI,sex_ratio,,females_per_1000_males,,,,,,,,,
Tamil Nadu,COIMBATORE,TAMIL NADU,COIMBATORE,urban_pct,,percent,,,,,,,,,
Tamil Nadu,COIMBATORE,TAMIL NADU,COIMBATORE,literacy_rate,,percent,,,,,,,,,
Tamil Nadu,COIMBATORE,TAMIL NADU,COIMBATORE,sc_pct,,percent,,,,,,,,,
Tamil Nadu,COIMBATORE,TAMIL NADU,COIMBATORE,st_pct,,percent,,,,,,,,,
Tamil Nadu,COIMBATORE,TAMIL NADU,COIMBATORE,religion_hindu_pct,,percent,,,,,,,,,
Tamil Nadu,COIMBATORE,TAMIL NADU,COIMBATORE,religion_muslim_pct,,percent,,,,,,,,,
Tamil Nadu,COIMBATORE,TAMIL NADU,COIMBATORE,population_density,,persons_per_sq_km,,,,,,,,,
Tamil Nadu,COIMBATORE,TAMIL NADU,COIMBATORE,sex_ratio,,females_per_1000_males,,,,,,,,,
Maharashtra,Wardha,MAHARASHTRA,WARDHA,urban_pct,,percent,,,,,,,,,
Maharashtra,Wardha,MAHARASHTRA,WARDHA,literacy_rate,,percent,,,,,,,,,
Maharashtra,Wardha,MAHARASHTRA,WARDHA,sc_pct,,percent,,,,,,,,,
Maharashtra,Wardha,MAHARASHTRA,WARDHA,st_pct,,percent,,,,,,,,,
Maharashtra,Wardha,MAHARASHTRA,WARDHA,religion_hindu_pct,,percent,,,,,,,,,
Maharashtra,Wardha,MAHARASHTRA,WARDHA,religion_muslim_pct,,percent,,,,,,,,,
Maharashtra,Wardha,MAHARASHTRA,WARDHA,population_density,,persons_per_sq_km,,,,,,,,,
Maharashtra,Wardha,MAHARASHTRA,WARDHA,sex_ratio,,females_per_1000_males,,,,,,,,,
Maharashtra,Yavatmal- Washim,MAHARASHTRA,YAVATMAL WASHIM,urban_pct,,percent,,,,,,,,,
Maharashtra,Yavatmal- Washim,MAHARASHTRA,YAVATMAL WASHIM,literacy_rate,,percent,,,,,,,,,
Maharashtra,Yavatmal- Washim,MAHARASHTRA,YAVATMAL WASHIM,sc_pct,,percent,,,,,,,,,
Maharashtra,Yavatmal- Washim,MAHARASHTRA,YAVATMAL WASHIM,st_pct,,percent,,,,,,,,,
Maharashtra,Yavatmal- Washim,MAHARASHTRA,YAVATMAL WASHIM,religion_hindu_pct,,percent,,,,,,,,,
Maharashtra,Yavatmal- Washim,MAHARASHTRA,YAVATMAL WASHIM,religion_muslim_pct,,percent,,,,,,,,,
Maharashtra,Yavatmal- Washim,MAHARASHTRA,YAVATMAL WASHIM,population_density,,persons_per_sq_km,,,,,,,,,
Maharashtra,Yavatmal- Washim,MAHARASHTRA,YAVATMAL WASHIM,sex_ratio,,females_per_1000_males,,,,,,,,,
Rajasthan,BARMER,RAJASTHAN,BARMER,urban_pct,,percent,,,,,,,,,
Rajasthan,BARMER,RAJASTHAN,BARMER,literacy_rate,,percent,,,,,,,,,
Rajasthan,BARMER,RAJASTHAN,BARMER,sc_pct,,percent,,,,,,,,,
Rajasthan,BARMER,RAJASTHAN,BARMER,st_pct,,percent,,,,,,,,,
Rajasthan,BARMER,RAJASTHAN,BARMER,religion_hindu_pct,,percent,,,,,,,,,
Rajasthan,BARMER,RAJASTHAN,BARMER,religion_muslim_pct,,percent,,,,,,,,,
Rajasthan,BARMER,RAJASTHAN,BARMER,population_density,,persons_per_sq_km,,,,,,,,,
Rajasthan,BARMER,RAJASTHAN,BARMER,sex_ratio,,females_per_1000_males,,,,,,,,,
Maharashtra,Mumbai North,MAHARASHTRA,MUMBAI NORTH,urban_pct,,percent,,,,,,,,,
Maharashtra,Mumbai North,MAHARASHTRA,MUMBAI NORTH,literacy_rate,,percent,,,,,,,,,
Maharashtra,Mumbai North,MAHARASHTRA,MUMBAI NORTH,sc_pct,,percent,,,,,,,,,
Maharashtra,Mumbai North,MAHARASHTRA,MUMBAI NORTH,st_pct,,percent,,,,,,,,,
Maharashtra,Mumbai North,MAHARASHTRA,MUMBAI NORTH,religion_hindu_pct,,percent,,,,,,,,,
Maharashtra,Mumbai North,MAHARASHTRA,MUMBAI NORTH,religion_muslim_pct,,percent,,,,,,,,,
Maharashtra,Mumbai North,MAHARASHTRA,MUMBAI NORTH,population_density,,persons_per_sq_km,,,,,,,,,
Maharashtra,Mumbai North,MAHARASHTRA,MUMBAI NORTH,sex_ratio,,females_per_1000_males,,,,,,,,,
Maharashtra,Nagpur,MAHARASHTRA,NAGPUR,urban_pct,,percent,,,,,,,,,
Maharashtra,Nagpur,MAHARASHTRA,NAGPUR,literacy_rate,,percent,,,,,,,,,
Maharashtra,Nagpur,MAHARASHTRA,NAGPUR,sc_pct,,percent,,,,,,,,,
Maharashtra,Nagpur,MAHARASHTRA,NAGPUR,st_pct,,percent,,,,,,,,,
Maharashtra,Nagpur,MAHARASHTRA,NAGPUR,religion_hindu_pct,,percent,,,,,,,,,
Maharashtra,Nagpur,MAHARASHTRA,NAGPUR,religion_muslim_pct,,percent,,,,,,,,,
Maharashtra,Nagpur,MAHARASHTRA,NAGPUR,population_density,,persons_per_sq_km,,,,,,,,,
Maharashtra,Nagpur,MAHARASHTRA,NAGPUR,sex_ratio,,females_per_1000_males,,,,,,,,,
Uttar Pradesh,Faizabad,UTTAR PRADESH,FAIZABAD,urban_pct,,percent,,,,,,,,,
Uttar Pradesh,Faizabad,UTTAR PRADESH,FAIZABAD,literacy_rate,,percent,,,,,,,,,
Uttar Pradesh,Faizabad,UTTAR PRADESH,FAIZABAD,sc_pct,,percent,,,,,,,,,
Uttar Pradesh,Faizabad,UTTAR PRADESH,FAIZABAD,st_pct,,percent,,,,,,,,,
Uttar Pradesh,Faizabad,UTTAR PRADESH,FAIZABAD,religion_hindu_pct,,percent,,,,,,,,,
Uttar Pradesh,Faizabad,UTTAR PRADESH,FAIZABAD,religion_muslim_pct,,percent,,,,,,,,,
Uttar Pradesh,Faizabad,UTTAR PRADESH,FAIZABAD,population_density,,persons_per_sq_km,,,,,,,,,
Uttar Pradesh,Faizabad,UTTAR PRADESH,FAIZABAD,sex_ratio,,females_per_1000_males,,,,,,,,,
Uttar Pradesh,Kannauj,UTTAR PRADESH,KANNAUJ,urban_pct,,percent,,,,,,,,,
Uttar Pradesh,Kannauj,UTTAR PRADESH,KANNAUJ,literacy_rate,,percent,,,,,,,,,
Uttar Pradesh,Kannauj,UTTAR PRADESH,KANNAUJ,sc_pct,,percent,,,,,,,,,
Uttar Pradesh,Kannauj,UTTAR PRADESH,KANNAUJ,st_pct,,percent,,,,,,,,,
Uttar Pradesh,Kannauj,UTTAR PRADESH,KANNAUJ,religion_hindu_pct,,percent,,,,,,,,,
Uttar Pradesh,Kannauj,UTTAR PRADESH,KANNAUJ,religion_muslim_pct,,percent,,,,,,,,,
Uttar Pradesh,Kannauj,UTTAR PRADESH,KANNAUJ,population_density,,persons_per_sq_km,,,,,,,,,
Uttar Pradesh,Kannauj,UTTAR PRADESH,KANNAUJ,sex_ratio,,females_per_1000_males,,,,,,,,,
Chandigarh,Chandigarh,CHANDIGARH,CHANDIGARH,urban_pct,,percent,,,,,,,,,
Chandigarh,Chandigarh,CHANDIGARH,CHANDIGARH,literacy_rate,,percent,,,,,,,,,
Chandigarh,Chandigarh,CHANDIGARH,CHANDIGARH,sc_pct,,percent,,,,,,,,,
Chandigarh,Chandigarh,CHANDIGARH,CHANDIGARH,st_pct,,percent,,,,,,,,,
Chandigarh,Chandigarh,CHANDIGARH,CHANDIGARH,religion_hindu_pct,,percent,,,,,,,,,
Chandigarh,Chandigarh,CHANDIGARH,CHANDIGARH,religion_muslim_pct,,percent,,,,,,,,,
Chandigarh,Chandigarh,CHANDIGARH,CHANDIGARH,population_density,,persons_per_sq_km,,,,,,,,,
Chandigarh,Chandigarh,CHANDIGARH,CHANDIGARH,sex_ratio,,females_per_1000_males,,,,,,,,,
Uttar Pradesh,Rae Bareli,UTTAR PRADESH,RAE BARELI,urban_pct,,percent,,,,,,,,,
Uttar Pradesh,Rae Bareli,UTTAR PRADESH,RAE BARELI,literacy_rate,,percent,,,,,,,,,
Uttar Pradesh,Rae Bareli,UTTAR PRADESH,RAE BARELI,sc_pct,,percent,,,,,,,,,
Uttar Pradesh,Rae Bareli,UTTAR PRADESH,RAE BARELI,st_pct,,percent,,,,,,,,,
Uttar Pradesh,Rae Bareli,UTTAR PRADESH,RAE BARELI,religion_hindu_pct,,percent,,,,,,,,,
Uttar Pradesh,Rae Bareli,UTTAR PRADESH,RAE BARELI,religion_muslim_pct,,percent,,,,,,,,,
Uttar Pradesh,Rae Bareli,UTTAR PRADESH,RAE BARELI,population_density,,persons_per_sq_km,,,,,,,,,
Uttar Pradesh,Rae Bareli,UTTAR PRADESH,RAE BARELI,sex_ratio,,females_per_1000_males,,,,,,,,,
Uttar Pradesh,Varanasi,UTTAR PRADESH,VARANASI,urban_pct,,percent,,,,,,,,,
Uttar Pradesh,Varanasi,UTTAR PRADESH,VARANASI,literacy_rate,,percent,,,,,,,,,
Uttar Pradesh,Varanasi,UTTAR PRADESH,VARANASI,sc_pct,,percent,,,,,,,,,
Uttar Pradesh,Varanasi,UTTAR PRADESH,VARANASI,st_pct,,percent,,,,,,,,,
Uttar Pradesh,Varanasi,UTTAR PRADESH,VARANASI,religion_hindu_pct,,percent,,,,,,,,,
Uttar Pradesh,Varanasi,UTTAR PRADESH,VARANASI,religion_muslim_pct,,percent,,,,,,,,,
Uttar Pradesh,Varanasi,UTTAR PRADESH,VARANASI,population_density,,persons_per_sq_km,,,,,,,,,
Uttar Pradesh,Varanasi,UTTAR PRADESH,VARANASI,sex_ratio,,females_per_1000_males,,,,,,,,,
Maharashtra,Hatkanangale,MAHARASHTRA,HATKANANGALE,urban_pct,,percent,,,,,,,,,
Maharashtra,Hatkanangale,MAHARASHTRA,HATKANANGALE,literacy_rate,,percent,,,,,,,,,
Maharashtra,Hatkanangale,MAHARASHTRA,HATKANANGALE,sc_pct,,percent,,,,,,,,,
Maharashtra,Hatkanangale,MAHARASHTRA,HATKANANGALE,st_pct,,percent,,,,,,,,,
Maharashtra,Hatkanangale,MAHARASHTRA,HATKANANGALE,religion_hindu_pct,,percent,,,,,,,,,
Maharashtra,Hatkanangale,MAHARASHTRA,HATKANANGALE,religion_muslim_pct,,percent,,,,,,,,,
Maharashtra,Hatkanangale,MAHARASHTRA,HATKANANGALE,population_density,,persons_per_sq_km,,,,,,,,,
Maharashtra,Hatkanangale,MAHARASHTRA,HATKANANGALE,sex_ratio,,females_per_1000_males,,,,,,,,,
Assam,Kaziranga,ASSAM,KAZIRANGA,urban_pct,,percent,,,,,,,,,
Assam,Kaziranga,ASSAM,KAZIRANGA,literacy_rate,,percent,,,,,,,,,
Assam,Kaziranga,ASSAM,KAZIRANGA,sc_pct,,percent,,,,,,,,,
Assam,Kaziranga,ASSAM,KAZIRANGA,st_pct,,percent,,,,,,,,,
Assam,Kaziranga,ASSAM,KAZIRANGA,religion_hindu_pct,,percent,,,,,,,,,
Assam,Kaziranga,ASSAM,KAZIRANGA,religion_muslim_pct,,percent,,,,,,,,,
Assam,Kaziranga,ASSAM,KAZIRANGA,population_density,,persons_per_sq_km,,,,,,,,,
Assam,Kaziranga,ASSAM,KAZIRANGA,sex_ratio,,females_per_1000_males,,,,,,,,,
Uttar Pradesh,Phulpur,UTTAR PRADESH,PHULPUR,urban_pct,,percent,,,,,,,,,
Uttar Pradesh,Phulpur,UTTAR PRADESH,PHULPUR,literacy_rate,,percent,,,,,,,,,
Uttar Pradesh,Phulpur,UTTAR PRADESH,PHULPUR,sc_pct,,percent,,,,,,,,,
Uttar Pradesh,Phulpur,UTTAR PRADESH,PHULPUR,st_pct,,percent,,,,,,,,,
Uttar Pradesh,Phulpur,UTTAR PRADESH,PHULPUR,religion_hindu_pct,,percent,,,,,,,,,
Uttar Pradesh,Phulpur,UTTAR PRADESH,PHULPUR,religion_muslim_pct,,percent,,,,,,,,,
Uttar Pradesh,Phulpur,UTTAR PRADESH,PHULPUR,population_density,,persons_per_sq_km,,,,,,,,,
Uttar Pradesh,Phulpur,UTTAR PRADESH,PHULPUR,sex_ratio,,females_per_1000_males,,,,,,,,,
West Bengal,Tamluk,WEST BENGAL,TAMLUK,urban_pct,,percent,,,,,,,,,
West Bengal,Tamluk,WEST BENGAL,TAMLUK,literacy_rate,,percent,,,,,,,,,
West Bengal,Tamluk,WEST BENGAL,TAMLUK,sc_pct,,percent,,,,,,,,,
West Bengal,Tamluk,WEST BENGAL,TAMLUK,st_pct,,percent,,,,,,,,,
West Bengal,Tamluk,WEST BENGAL,TAMLUK,religion_hindu_pct,,percent,,,,,,,,,
West Bengal,Tamluk,WEST BENGAL,TAMLUK,religion_muslim_pct,,percent,,,,,,,,,
West Bengal,Tamluk,WEST BENGAL,TAMLUK,population_density,,persons_per_sq_km,,,,,,,,,
West Bengal,Tamluk,WEST BENGAL,TAMLUK,sex_ratio,,females_per_1000_males,,,,,,,,,
West Bengal,Diamond harbour,WEST BENGAL,DIAMOND HARBOUR,urban_pct,,percent,,,,,,,,,
West Bengal,Diamond harbour,WEST BENGAL,DIAMOND HARBOUR,literacy_rate,,percent,,,,,,,,,
West Bengal,Diamond harbour,WEST BENGAL,DIAMOND HARBOUR,sc_pct,,percent,,,,,,,,,
West Bengal,Diamond harbour,WEST BENGAL,DIAMOND HARBOUR,st_pct,,percent,,,,,,,,,
West Bengal,Diamond harbour,WEST BENGAL,DIAMOND HARBOUR,religion_hindu_pct,,percent,,,,,,,,,
West Bengal,Diamond harbour,WEST BENGAL,DIAMOND HARBOUR,religion_muslim_pct,,percent,,,,,,,,,
West Bengal,Diamond harbour,WEST BENGAL,DIAMOND HARBOUR,population_density,,persons_per_sq_km,,,,,,,,,
West Bengal,Diamond harbour,WEST BENGAL,DIAMOND HARBOUR,sex_ratio,,females_per_1000_males,,,,,,,,,
Tamil Nadu,THENI,TAMIL NADU,THENI,urban_pct,,percent,,,,,,,,,
Tamil Nadu,THENI,TAMIL NADU,THENI,literacy_rate,,percent,,,,,,,,,
Tamil Nadu,THENI,TAMIL NADU,THENI,sc_pct,,percent,,,,,,,,,
Tamil Nadu,THENI,TAMIL NADU,THENI,st_pct,,percent,,,,,,,,,
Tamil Nadu,THENI,TAMIL NADU,THENI,religion_hindu_pct,,percent,,,,,,,,,
Tamil Nadu,THENI,TAMIL NADU,THENI,religion_muslim_pct,,percent,,,,,,,,,
Tamil Nadu,THENI,TAMIL NADU,THENI,population_density,,persons_per_sq_km,,,,,,,,,
Tamil Nadu,THENI,TAMIL NADU,THENI,sex_ratio,,females_per_1000_males,,,,,,,,,
Manipur,Outer Manipur,MANIPUR,OUTER MANIPUR,urban_pct,,percent,,,,,,,,,
Manipur,Outer Manipur,MANIPUR,OUTER MANIPUR,literacy_rate,,percent,,,,,,,,,
Manipur,Outer Manipur,MANIPUR,OUTER MANIPUR,sc_pct,,percent,,,,,,,,,
Manipur,Outer Manipur,MANIPUR,OUTER MANIPUR,st_pct,,percent,,,,,,,,,
Manipur,Outer Manipur,MANIPUR,OUTER MANIPUR,religion_hindu_pct,,percent,,,,,,,,,
Manipur,Outer Manipur,MANIPUR,OUTER MANIPUR,religion_muslim_pct,,percent,,,,,,,,,
Manipur,Outer Manipur,MANIPUR,OUTER MANIPUR,population_density,,persons_per_sq_km,,,,,,,,,
Manipur,Outer Manipur,MANIPUR,OUTER MANIPUR,sex_ratio,,females_per_1000_males,,,,,,,,,
West Bengal,Bishnupur,WEST BENGAL,BISHNUPUR,urban_pct,,percent,,,,,,,,,
West Bengal,Bishnupur,WEST BENGAL,BISHNUPUR,literacy_rate,,percent,,,,,,,,,
West Bengal,Bishnupur,WEST BENGAL,BISHNUPUR,sc_pct,,percent,,,,,,,,,
West Bengal,Bishnupur,WEST BENGAL,BISHNUPUR,st_pct,,percent,,,,,,,,,
West Bengal,Bishnupur,WEST BENGAL,BISHNUPUR,religion_hindu_pct,,percent,,,,,,,,,
West Bengal,Bishnupur,WEST BENGAL,BISHNUPUR,religion_muslim_pct,,percent,,,,,,,,,
West Bengal,Bishnupur,WEST BENGAL,BISHNUPUR,population_density,,persons_per_sq_km,,,,,,,,,
West Bengal,Bishnupur,WEST BENGAL,BISHNUPUR,sex_ratio,,females_per_1000_males,,,,,,,,,
Tamil Nadu,CHENNAI SOUTH,TAMIL NADU,CHENNAI SOUTH,urban_pct,,percent,,,,,,,,,
Tamil Nadu,CHENNAI SOUTH,TAMIL NADU,CHENNAI SOUTH,literacy_rate,,percent,,,,,,,,,
Tamil Nadu,CHENNAI SOUTH,TAMIL NADU,CHENNAI SOUTH,sc_pct,,percent,,,,,,,,,
Tamil Nadu,CHENNAI SOUTH,TAMIL NADU,CHENNAI SOUTH,st_pct,,percent,,,,,,,,,
Tamil Nadu,CHENNAI SOUTH,TAMIL NADU,CHENNAI SOUTH,religion_hindu_pct,,percent,,,,,,,,,
Tamil Nadu,CHENNAI SOUTH,TAMIL NADU,CHENNAI SOUTH,religion_muslim_pct,,percent,,,,,,,,,
Tamil Nadu,CHENNAI SOUTH,TAMIL NADU,CHENNAI SOUTH,population_density,,persons_per_sq_km,,,,,,,,,
Tamil Nadu,CHENNAI SOUTH,TAMIL NADU,CHENNAI SOUTH,sex_ratio,,females_per_1000_males,,,,,,,,,
Jharkhand,Singhbhum,JHARKHAND,SINGHBHUM,urban_pct,,percent,,,,,,,,,
Jharkhand,Singhbhum,JHARKHAND,SINGHBHUM,literacy_rate,,percent,,,,,,,,,
Jharkhand,Singhbhum,JHARKHAND,SINGHBHUM,sc_pct,,percent,,,,,,,,,
Jharkhand,Singhbhum,JHARKHAND,SINGHBHUM,st_pct,,percent,,,,,,,,,
Jharkhand,Singhbhum,JHARKHAND,SINGHBHUM,religion_hindu_pct,,percent,,,,,,,,,
Jharkhand,Singhbhum,JHARKHAND,SINGHBHUM,religion_muslim_pct,,percent,,,,,,,,,
Jharkhand,Singhbhum,JHARKHAND,SINGHBHUM,population_density,,persons_per_sq_km,,,,,,,,,
Jharkhand,Singhbhum,JHARKHAND,SINGHBHUM,sex_ratio,,females_per_1000_males,,,,,,,,,
Uttar Pradesh,Maharajganj,UTTAR PRADESH,MAHARAJGANJ,urban_pct,,percent,,,,,,,,,
Uttar Pradesh,Maharajganj,UTTAR PRADESH,MAHARAJGANJ,literacy_rate,,percent,,,,,,,,,
Uttar Pradesh,Maharajganj,UTTAR PRADESH,MAHARAJGANJ,sc_pct,,percent,,,,,,,,,
Uttar Pradesh,Maharajganj,UTTAR PRADESH,MAHARAJGANJ,st_pct,,percent,,,,,,,,,
Uttar Pradesh,Maharajganj,UTTAR PRADESH,MAHARAJGANJ,religion_hindu_pct,,percent,,,,,,,,,
Uttar Pradesh,Maharajganj,UTTAR PRADESH,MAHARAJGANJ,religion_muslim_pct,,percent,,,,,,,,,
Uttar Pradesh,Maharajganj,UTTAR PRADESH,MAHARAJGANJ,population_density,,persons_per_sq_km,,,,,,,,,
Uttar Pradesh,Maharajganj,UTTAR PRADESH,MAHARAJGANJ,sex_ratio,,females_per_1000_males,,,,,,,,,
Kerala,Thiruvananthapuram,KERALA,THIRUVANANTHAPURAM,urban_pct,,percent,,,,,,,,,
Kerala,Thiruvananthapuram,KERALA,THIRUVANANTHAPURAM,literacy_rate,,percent,,,,,,,,,
Kerala,Thiruvananthapuram,KERALA,THIRUVANANTHAPURAM,sc_pct,,percent,,,,,,,,,
Kerala,Thiruvananthapuram,KERALA,THIRUVANANTHAPURAM,st_pct,,percent,,,,,,,,,
Kerala,Thiruvananthapuram,KERALA,THIRUVANANTHAPURAM,religion_hindu_pct,,percent,,,,,,,,,
Kerala,Thiruvananthapuram,KERALA,THIRUVANANTHAPURAM,religion_muslim_pct,,percent,,,,,,,,,
Kerala,Thiruvananthapuram,KERALA,THIRUVANANTHAPURAM,population_density,,persons_per_sq_km,,,,,,,,,
Kerala,Thiruvananthapuram,KERALA,THIRUVANANTHAPURAM,sex_ratio,,females_per_1000_males,,,,,,,,,
Kerala,Wayanad,KERALA,WAYANAD,urban_pct,,percent,,,,,,,,,
Kerala,Wayanad,KERALA,WAYANAD,literacy_rate,,percent,,,,,,,,,
Kerala,Wayanad,KERALA,WAYANAD,sc_pct,,percent,,,,,,,,,
Kerala,Wayanad,KERALA,WAYANAD,st_pct,,percent,,,,,,,,,
Kerala,Wayanad,KERALA,WAYANAD,religion_hindu_pct,,percent,,,,,,,,,
Kerala,Wayanad,KERALA,WAYANAD,religion_muslim_pct,,percent,,,,,,,,,
Kerala,Wayanad,KERALA,WAYANAD,population_density,,persons_per_sq_km,,,,,,,,,
Kerala,Wayanad,KERALA,WAYANAD,sex_ratio,,females_per_1000_males,,,,,,,,,
Tamil Nadu,VIRUDHUNAGAR,TAMIL NADU,VIRUDHUNAGAR,urban_pct,,percent,,,,,,,,,
Tamil Nadu,VIRUDHUNAGAR,TAMIL NADU,VIRUDHUNAGAR,literacy_rate,,percent,,,,,,,,,
Tamil Nadu,VIRUDHUNAGAR,TAMIL NADU,VIRUDHUNAGAR,sc_pct,,percent,,,,,,,,,
Tamil Nadu,VIRUDHUNAGAR,TAMIL NADU,VIRUDHUNAGAR,st_pct,,percent,,,,,,,,,
Tamil Nadu,VIRUDHUNAGAR,TAMIL NADU,VIRUDHUNAGAR,religion_hindu_pct,,percent,,,,,,,,,
Tamil Nadu,VIRUDHUNAGAR,TAMIL NADU,VIRUDHUNAGAR,religion_muslim_pct,,percent,,,,,,,,,
Tamil Nadu,VIRUDHUNAGAR,TAMIL NADU,VIRUDHUNAGAR,population_density,,persons_per_sq_km,,,,,,,,,
Tamil Nadu,VIRUDHUNAGAR,TAMIL NADU,VIRUDHUNAGAR,sex_ratio,,females_per_1000_males,,,,,,,,,
Maharashtra,Mumbai South,MAHARASHTRA,MUMBAI SOUTH,literacy_rate,,percent,,,,,,,,,
Maharashtra,Mumbai South,MAHARASHTRA,MUMBAI SOUTH,sc_pct,,percent,,,,,,,,,
Maharashtra,Mumbai South,MAHARASHTRA,MUMBAI SOUTH,st_pct,,percent,,,,,,,,,
Maharashtra,Mumbai South,MAHARASHTRA,MUMBAI SOUTH,religion_hindu_pct,,percent,,,,,,,,,
Maharashtra,Mumbai South,MAHARASHTRA,MUMBAI SOUTH,religion_muslim_pct,,percent,,,,,,,,,
Maharashtra,Mumbai South,MAHARASHTRA,MUMBAI SOUTH,population_density,,persons_per_sq_km,,,,,,,,,
Maharashtra,Mumbai South,MAHARASHTRA,MUMBAI SOUTH,sex_ratio,,females_per_1000_males,,,,,,,,,
Maharashtra,Ahmednagar,MAHARASHTRA,AHMEDNAGAR,urban_pct,,percent,,,,,,,,,
Maharashtra,Ahmednagar,MAHARASHTRA,AHMEDNAGAR,literacy_rate,,percent,,,,,,,,,
Maharashtra,Ahmednagar,MAHARASHTRA,AHMEDNAGAR,sc_pct,,percent,,,,,,,,,
Maharashtra,Ahmednagar,MAHARASHTRA,AHMEDNAGAR,st_pct,,percent,,,,,,,,,
Maharashtra,Ahmednagar,MAHARASHTRA,AHMEDNAGAR,religion_hindu_pct,,percent,,,,,,,,,
Maharashtra,Ahmednagar,MAHARASHTRA,AHMEDNAGAR,religion_muslim_pct,,percent,,,,,,,,,
Maharashtra,Ahmednagar,MAHARASHTRA,AHMEDNAGAR,population_density,,persons_per_sq_km,,,,,,,,,
Maharashtra,Ahmednagar,MAHARASHTRA,AHMEDNAGAR,sex_ratio,,females_per_1000_males,,,,,,,,,
Maharashtra,Aurangabad,MAHARASHTRA,AURANGABAD,urban_pct,,percent,,,,,,,,,
Maharashtra,Aurangabad,MAHARASHTRA,AURANGABAD,literacy_rate,,percent,,,,,,,,,
Maharashtra,Aurangabad,MAHARASHTRA,AURANGABAD,sc_pct,,percent,,,,,,,,,
Maharashtra,Aurangabad,MAHARASHTRA,AURANGABAD,st_pct,,percent,,,,,,,,,
Maharashtra,Aurangabad,MAHARASHTRA,AURANGABAD,religion_hindu_pct,,percent,,,,,,,,,
Maharashtra,Aurangabad,MAHARASHTRA,AURANGABAD,religion_muslim_pct,,percent,,,,,,,,,
Maharashtra,Aurangabad,MAHARASHTRA,AURANGABAD,population_density,,persons_per_sq_km,,,,,,,,,
Maharashtra,Aurangabad,MAHARASHTRA,AURANGABAD,sex_ratio,,females_per_1000_males,,,,,,,,,
Maharashtra,Dindori,MAHARASHTRA,DINDORI,urban_pct,,percent,,,,,,,,,
Maharashtra,Dindori,MAHARASHTRA,DINDORI,literacy_rate,,percent,,,,,,,,,
Maharashtra,Dindori,MAHARASHTRA,DINDORI,sc_pct,,percent,,,,,,,,,
Maharashtra,Dindori,MAHARASHTRA,DINDORI,st_pct,,percent,,,,,,,,,
Maharashtra,Dindori,MAHARASHTRA,DINDORI,religion_hindu_pct,,percent,,,,,,,,,
Maharashtra,Dindori,MAHARASHTRA,DINDORI,religion_muslim_pct,,percent,,,,,,,,,
Maharashtra,Dindori,MAHARASHTRA,DINDORI,population_density,,persons_per_sq_km,,,,,,,,,
Maharashtra,Dindori,MAHARASHTRA,DINDORI,sex_ratio,,females_per_1000_males,,,,,,,,,
Maharashtra,Gadchiroli - Chimur,MAHARASHTRA,GADCHIROLI CHIMUR,urban_pct,,percent,,,,,,,,,
Maharashtra,Gadchiroli - Chimur,MAHARASHTRA,GADCHIROLI CHIMUR,literacy_rate,,percent,,,,,,,,,
Maharashtra,Gadchiroli - Chimur,MAHARASHTRA,GADCHIROLI CHIMUR,sc_pct,,percent,,,,,,,,,
Maharashtra,Gadchiroli - Chimur,MAHARASHTRA,GADCHIROLI CHIMUR,st_pct,,percent,,,,,,,,,
Maharashtra,Gadchiroli - Chimur,MAHARASHTRA,GADCHIROLI CHIMUR,religion_hindu_pct,,percent,,,,,,,,,
Maharashtra,Gadchiroli - Chimur,MAHARASHTRA,GADCHIROLI CHIMUR,religion_muslim_pct,,percent,,,,,,,,,
Maharashtra,Gadchiroli - Chimur,MAHARASHTRA,GADCHIROLI CHIMUR,population_density,,persons_per_sq_km,,,,,,,,,
Maharashtra,Gadchiroli - Chimur,MAHARASHTRA,GADCHIROLI CHIMUR,sex_ratio,,females_per_1000_males,,,,,,,,,
Maharashtra,Madha,MAHARASHTRA,MADHA,urban_pct,,percent,,,,,,,,,
Maharashtra,Madha,MAHARASHTRA,MADHA,literacy_rate,,percent,,,,,,,,,
Maharashtra,Madha,MAHARASHTRA,MADHA,sc_pct,,percent,,,,,,,,,
Maharashtra,Madha,MAHARASHTRA,MADHA,st_pct,,percent,,,,,,,,,
Maharashtra,Madha,MAHARASHTRA,MADHA,religion_hindu_pct,,percent,,,,,,,,,
Maharashtra,Madha,MAHARASHTRA,MADHA,religion_muslim_pct,,percent,,,,,,,,,
Maharashtra,Madha,MAHARASHTRA,MADHA,population_density,,persons_per_sq_km,,,,,,,,,
Maharashtra,Madha,MAHARASHTRA,MADHA,sex_ratio,,females_per_1000_males,,,,,,,,,
Maharashtra,Mumbai North Central,MAHARASHTRA,MUMBAI NORTH CENTRAL,urban_pct,,percent,,,,,,,,,
Maharashtra,Mumbai North Central,MAHARASHTRA,MUMBAI NORTH CENTRAL,literacy_rate,,percent,,,,,,,,,
Maharashtra,Mumbai North Central,MAHARASHTRA,MUMBAI NORTH CENTRAL,sc_pct,,percent,,,,,,,,,
Maharashtra,Mumbai North Central,MAHARASHTRA,MUMBAI NORTH CENTRAL,st_pct,,percent,,,,,,,,,
Maharashtra,Mumbai North Central,MAHARASHTRA,MUMBAI NORTH CENTRAL,religion_hindu_pct,,percent,,,,,,,,,
Maharashtra,Mumbai North Central,MAHARASHTRA,MUMBAI NORTH CENTRAL,religion_muslim_pct,,percent,,,,,,,,,
Maharashtra,Mumbai North Central,MAHARASHTRA,MUMBAI NORTH CENTRAL,population_density,,persons_per_sq_km,,,,,,,,,
Maharashtra,Mumbai North Central,MAHARASHTRA,MUMBAI NORTH CENTRAL,sex_ratio,,females_per_1000_males,,,,,,,,,
Maharashtra,Mumbai North East,MAHARASHTRA,MUMBAI NORTH EAST,urban_pct,,percent,,,,,,,,,
Maharashtra,Mumbai North East,MAHARASHTRA,MUMBAI NORTH EAST,literacy_rate,,percent,,,,,,,,,
Maharashtra,Mumbai North East,MAHARASHTRA,MUMBAI NORTH EAST,sc_pct,,percent,,,,,,,,,
Maharashtra,Mumbai North East,MAHARASHTRA,MUMBAI NORTH EAST,st_pct,,percent,,,,,,,,,
Maharashtra,Mumbai North East,MAHARASHTRA,MUMBAI NORTH EAST,religion_hindu_pct,,percent,,,,,,,,,
Maharashtra,Mumbai North East,MAHARASHTRA,MUMBAI NORTH EAST,religion_muslim_pct,,percent,,,,,,,,,
Maharashtra,Mumbai North East,MAHARASHTRA,MUMBAI NORTH EAST,population_density,,persons_per_sq_km,,,,,,,,,
Maharashtra,Mumbai North East,MAHARASHTRA,MUMBAI NORTH EAST,sex_ratio,,females_per_1000_males,,,,,,,,,
